110年01月19日 三大法人日交易資訊(含普通股、零股)依股票代碼排序  不含鉅額交易、綜合帳戶之投信買賣成交量,,,,,,,,,,,,,,,,,,,,,,,
代號,名稱,外資及陸資(不含外資自營商)-買進股數,外資及陸資(不含外資自營商)-賣出股數,外資及陸資(不含外資自營商)-買賣超股數,外資自營商-買進股數,外資自營商-賣出股數,外資自營商-買賣超股數,外資及陸資-買進股數,外資及陸資-賣出股數,外資及陸資-買賣超股數,投信-買進股數,投信-賣出股數,投信-買賣超股數,自營商(自行買賣)-買進股數,自營商(自行買賣)-賣出股數,自營商(自行買賣)-買賣超股數,自營商(避險)-買進股數,自營商(避險)-賣出股數,自營商(避險)-買賣超股數,自營商-買進股數,自營商-賣出股數,自營商-買賣超股數,三大法人買賣超股數合計
00679B,元大美債20年,0,"42,000","-42,000",0,0,0,0,"42,000","-42,000",0,0,0,0,0,0,"78,000","104,000","-26,000","78,000","104,000","-26,000","-68,000"
00687B,國泰20年美債,0,"46,000","-46,000",0,0,0,0,"46,000","-46,000",0,0,0,0,0,0,"107,000","101,000","6,000","107,000","101,000","6,000","-40,000"
00694B,富邦美債1-3,0,"2,000","-2,000",0,0,0,0,"2,000","-2,000",0,0,0,0,0,0,"106,000","116,005","-10,005","106,000","116,005","-10,005","-12,005"
00695B,富邦美債7-10,0,"7,000","-7,000",0,0,0,0,"7,000","-7,000",0,0,0,0,0,0,"158,000","165,000","-7,000","158,000","165,000","-7,000","-14,000"
00696B,富邦美債20年,0,"34,000","-34,000",0,0,0,0,"34,000","-34,000",0,0,0,0,0,0,"297,000","336,000","-39,000","297,000","336,000","-39,000","-73,000"
00697B,元大美債7-10,0,0,0,0,0,0,0,0,0,0,0,0,0,0,0,"107,000","122,000","-15,000","107,000","122,000","-15,000","-15,000"
00718B,富邦中國政策債,0,0,0,0,0,0,0,0,0,0,0,0,0,0,0,"201,281","241,000","-39,719","201,281","241,000","-39,719","-39,719"
00719B,元大美債1-3,0,0,0,0,0,0,0,0,0,0,0,0,0,0,0,"103,000","100,000","3,000","103,000","100,000","3,000","3,000"
00720B,元大投資級公司債,0,0,0,0,0,0,0,0,0,0,0,0,0,0,0,"101,000","159,000","-58,000","101,000","159,000","-58,000","-58,000"
00721B,元大中國債3-5,0,0,0,0,0,0,0,0,0,0,0,0,0,0,0,"103,000","101,000","2,000","103,000","101,000","2,000","2,000"
00722B,群益15年IG電信債,0,0,0,0,0,0,0,0,0,0,0,0,0,0,0,"101,000","140,000","-39,000","101,000","140,000","-39,000","-39,000"
00723B,群益15年IG科技債,0,"1,000","-1,000",0,0,0,0,"1,000","-1,000",0,0,0,0,0,0,"100,000","104,000","-4,000","100,000","104,000","-4,000","-5,000"
00724B,群益10年IG金融債,0,0,0,0,0,0,0,0,0,0,0,0,0,0,0,"100,000","146,000","-46,000","100,000","146,000","-46,000","-46,000"
00725B,國泰投資級公司債,0,0,0,0,0,0,0,0,0,0,0,0,0,0,0,"101,000","124,000","-23,000","101,000","124,000","-23,000","-23,000"
00726B,國泰5Y+新興債,"1,000",0,"1,000",0,0,0,"1,000",0,"1,000",0,0,0,0,0,0,"100,000","101,000","-1,000","100,000","101,000","-1,000",0
00727B,國泰1-5Y高收債,0,"35,000","-35,000",0,0,0,0,"35,000","-35,000",0,0,0,0,0,0,"100,000","126,000","-26,000","100,000","126,000","-26,000","-61,000"
00734B,台新JPM新興債,0,0,0,0,0,0,0,0,0,0,0,0,0,0,0,"950,000","1,001,003","-51,003","950,000","1,001,003","-51,003","-51,003"
00740B,富邦全球投等債,0,0,0,0,0,0,0,0,0,0,0,0,0,0,0,"100,000","101,000","-1,000","100,000","101,000","-1,000","-1,000"
00741B,富邦全球高收債,0,0,0,0,0,0,0,0,0,0,0,0,0,0,0,"101,000","112,176","-11,176","101,000","112,176","-11,176","-11,176"
00744B,國泰中國政金債5+,0,0,0,0,0,0,0,0,0,0,0,0,0,0,0,"100,000","100,000",0,"100,000","100,000",0,0
00745B,富邦中政債0-1,0,0,0,0,0,0,0,0,0,0,0,0,0,0,0,"101,000","100,000","1,000","101,000","100,000","1,000","1,000"
00746B,富邦A級公司債,0,0,0,0,0,0,0,0,0,0,0,0,0,0,0,"100,000","110,000","-10,000","100,000","110,000","-10,000","-10,000"
00747B,FH中國政策債,0,0,0,0,0,0,0,0,0,0,0,0,0,0,0,"103,000","102,000","1,000","103,000","102,000","1,000","1,000"
00748B,凱基中國債3-10,0,0,0,0,0,0,0,0,0,0,0,0,0,0,0,"100,000","100,000",0,"100,000","100,000",0,0
00749B,凱基新興債10+,0,0,0,0,0,0,0,0,0,0,0,0,0,0,0,"101,000","100,000","1,000","101,000","100,000","1,000","1,000"
00750B,凱基科技債10+,0,0,0,0,0,0,0,0,0,0,0,0,0,0,0,"100,000","101,000","-1,000","100,000","101,000","-1,000","-1,000"
00751B,元大AAA至A公司債,0,"4,000","-4,000",0,0,0,0,"4,000","-4,000",0,0,0,0,0,0,"102,000","147,000","-45,000","102,000","147,000","-45,000","-49,000"
00754B,群益AAA-AA公司債,0,0,0,0,0,0,0,0,0,0,0,0,0,0,0,"100,000","101,000","-1,000","100,000","101,000","-1,000","-1,000"
00755B,群益15年IG公用債,0,"11,000","-11,000",0,0,0,0,"11,000","-11,000",0,0,0,0,0,0,"111,000","111,000",0,"111,000","111,000",0,"-11,000"
00756B,群益15年EM主權債,0,0,0,0,0,0,0,0,0,0,0,0,0,0,0,"101,000","103,000","-2,000","101,000","103,000","-2,000","-2,000"
00758B,FH能源債,0,"1,000","-1,000",0,0,0,0,"1,000","-1,000",0,0,0,0,0,0,"100,000","100,000",0,"100,000","100,000",0,"-1,000"
00759B,FH製藥債,0,0,0,0,0,0,0,0,0,0,0,0,0,0,0,"100,000","100,000",0,"100,000","100,000",0,0
00760B,FH新興企業債,0,0,0,0,0,0,0,0,0,0,0,0,0,0,0,"101,000","100,000","1,000","101,000","100,000","1,000","1,000"
00761B,國泰A級公司債,0,0,0,0,0,0,0,0,0,0,0,0,0,0,0,"105,000","107,000","-2,000","105,000","107,000","-2,000","-2,000"
00764B,群益25年美債,0,0,0,0,0,0,0,0,0,0,0,0,0,0,0,"100,000","124,000","-24,000","100,000","124,000","-24,000","-24,000"
00765B,群益中國政金債,0,0,0,0,0,0,0,0,0,0,0,0,0,0,0,"100,000","100,000",0,"100,000","100,000",0,0
00768B,FH20年美債,0,"10,000","-10,000",0,0,0,0,"10,000","-10,000",0,0,0,0,0,0,"110,000","100,000","10,000","110,000","100,000","10,000",0
00772B,中信高評級公司債,0,"76,200","-76,200",0,0,0,0,"76,200","-76,200",0,0,0,0,0,0,"611,000","683,000","-72,000","611,000","683,000","-72,000","-148,200"
00773B,中信優先金融債,0,"24,000","-24,000",0,0,0,0,"24,000","-24,000",0,0,0,0,0,0,"211,000","216,070","-5,070","211,000","216,070","-5,070","-29,070"
00777B,凱基AAA至A公司債,0,0,0,0,0,0,0,0,0,0,0,0,0,0,0,"100,000","100,000",0,"100,000","100,000",0,0
00778B,凱基金融債20+,0,0,0,0,0,0,0,0,0,0,0,0,0,0,0,"100,000","100,000",0,"100,000","100,000",0,0
00779B,凱基美債25+,0,0,0,0,0,0,0,0,0,0,0,0,0,0,0,"100,000","100,000",0,"100,000","100,000",0,0
00780B,國泰A級金融債,"2,000",0,"2,000",0,0,0,"2,000",0,"2,000",0,0,0,0,0,0,"100,000","100,000",0,"100,000","100,000",0,"2,000"
00781B,國泰A級科技債,0,0,0,0,0,0,0,0,0,0,0,0,0,0,0,"102,000","100,000","2,000","102,000","100,000","2,000","2,000"
00782B,國泰A級公用債,0,0,0,0,0,0,0,0,0,0,0,0,0,0,0,"100,000","100,000",0,"100,000","100,000",0,0
00784B,富邦中國投等債,0,0,0,0,0,0,0,0,0,0,0,0,0,0,0,"107,000","108,000","-1,000","107,000","108,000","-1,000","-1,000"
00785B,富邦金融投等債,0,0,0,0,0,0,0,0,0,0,0,0,0,0,0,"101,000","100,000","1,000","101,000","100,000","1,000","1,000"
00787B,元大10年IG醫療債,0,0,0,0,0,0,0,0,0,0,0,0,0,0,0,"13,000",0,"13,000","13,000",0,"13,000","13,000"
00788B,元大10年IG電能債,0,0,0,0,0,0,0,0,0,0,0,0,0,0,0,"21,000","20,000","1,000","21,000","20,000","1,000","1,000"
00789B,FH公司債A3,0,0,0,0,0,0,0,0,0,0,0,0,0,0,0,"100,000","100,000",0,"100,000","100,000",0,0
00790B,FH次順位IG金融債,0,0,0,0,0,0,0,0,0,0,0,0,0,0,0,"100,000","100,000",0,"100,000","100,000",0,0
00791B,FH美元信用債1-5Y,0,0,0,0,0,0,0,0,0,0,0,0,0,0,0,"100,000","101,000","-1,000","100,000","101,000","-1,000","-1,000"
00792B,群益A級公司債,0,0,0,0,0,0,0,0,0,0,0,0,0,0,0,"100,000","101,000","-1,000","100,000","101,000","-1,000","-1,000"
00793B,群益AAA-A醫療債,0,0,0,0,0,0,0,0,0,0,0,0,0,0,0,"101,000","100,000","1,000","101,000","100,000","1,000","1,000"
00794B,群益7+中國政金債,0,0,0,0,0,0,0,0,0,0,0,0,0,0,0,"100,000","100,000",0,"100,000","100,000",0,0
00795B,中信美國公債20年,0,0,0,0,0,0,0,0,0,0,0,0,0,0,0,"252,000","289,160","-37,160","252,000","289,160","-37,160","-37,160"
00796B,中信中國債7-10,0,0,0,0,0,0,0,0,0,0,0,0,0,0,0,"215,000","215,000",0,"215,000","215,000",0,0
00799B,國泰A級醫療債,0,0,0,0,0,0,0,0,0,0,0,0,0,0,0,"102,000","100,000","2,000","102,000","100,000","2,000","2,000"
00831B,新光美債1-3,0,0,0,0,0,0,0,0,0,0,0,0,0,0,0,"50,000","50,000",0,"50,000","50,000",0,0
00832B,新光美債20+,0,0,0,0,0,0,0,0,0,0,0,0,0,0,0,"50,000","50,000",0,"50,000","50,000",0,0
00834B,第一金金融債10+,0,0,0,0,0,0,0,0,0,0,0,0,0,0,0,"100,000","100,000",0,"100,000","100,000",0,0
00836B,永豐10年A公司債,0,0,0,0,0,0,0,0,0,0,0,0,0,0,0,"105,000","111,000","-6,000","105,000","111,000","-6,000","-6,000"
00838B,永豐7-10年中國債,0,0,0,0,0,0,0,0,0,0,0,0,0,0,0,"106,000","105,000","1,000","106,000","105,000","1,000","1,000"
00839B,凱基醫療保健債,0,0,0,0,0,0,0,0,0,0,0,0,0,0,0,"100,000","100,000",0,"100,000","100,000",0,0
00840B,凱基IG精選15+,0,0,0,0,0,0,0,0,0,0,0,0,0,0,0,"100,000","100,000",0,"100,000","100,000",0,0
00841B,凱基AAA-AA公司債,0,0,0,0,0,0,0,0,0,0,0,0,0,0,0,"100,000","100,000",0,"100,000","100,000",0,0
00842B,台新美元銀行債,0,0,0,0,0,0,0,0,0,0,0,0,0,0,0,"100,000","100,000",0,"100,000","100,000",0,0
00843B,台新中國政策債,0,0,0,0,0,0,0,0,0,0,0,0,0,0,0,"100,000","100,000",0,"100,000","100,000",0,0
00844B,新光15年IG金融債,0,0,0,0,0,0,0,0,0,0,0,0,0,0,0,"2,000","2,000",0,"2,000","2,000",0,0
00845B,富邦新興投等債,0,0,0,0,0,0,0,0,0,0,0,0,0,0,0,"120,000","104,000","16,000","120,000","104,000","16,000","16,000"
00846B,富邦歐洲銀行債,0,0,0,0,0,0,0,0,0,0,0,0,0,0,0,"101,000","100,000","1,000","101,000","100,000","1,000","1,000"
00847B,中信美國市政債,0,0,0,0,0,0,0,0,0,0,0,0,0,0,0,"211,000","211,000",0,"211,000","211,000",0,0
00848B,中信新興亞洲債,"100,000",0,"100,000",0,0,0,"100,000",0,"100,000",0,0,0,0,0,0,"175,000","273,000","-98,000","175,000","273,000","-98,000","2,000"
00849B,中信EM主權債0-5,0,0,0,0,0,0,0,0,0,0,0,0,0,0,0,"210,000","211,000","-1,000","210,000","211,000","-1,000","-1,000"
00856B,永豐1-3年美公債,0,0,0,0,0,0,0,0,0,0,0,0,0,0,0,"101,000","110,000","-9,000","101,000","110,000","-9,000","-9,000"
00857B,永豐20年美公債,0,0,0,0,0,0,0,0,0,0,0,0,0,0,0,"120,000","121,000","-1,000","120,000","121,000","-1,000","-1,000"
858,永豐美國500大,0,0,0,0,0,0,0,0,0,0,0,0,0,0,0,"105,000","103,000","2,000","105,000","103,000","2,000","2,000"
00859B,群益0-1年美債,0,0,0,0,0,0,0,0,0,0,0,0,0,0,0,"101,000","100,000","1,000","101,000","100,000","1,000","1,000"
00860B,群益1-5年IG債,0,0,0,0,0,0,0,0,0,0,0,0,0,0,0,"100,000","100,000",0,"100,000","100,000",0,0
00862B,中信投資級公司債,0,0,0,0,0,0,0,0,0,0,0,0,0,0,0,"210,000","217,000","-7,000","210,000","217,000","-7,000","-7,000"
00863B,中信全球電信債,0,0,0,0,0,0,0,0,0,0,0,0,0,0,0,"210,000","212,000","-2,000","210,000","212,000","-2,000","-2,000"
00864B,中信美國公債0-1,0,0,0,0,0,0,0,0,0,0,0,0,0,0,0,"216,000","210,000","6,000","216,000","210,000","6,000","6,000"
00867B,新光A-BBB電信債,0,0,0,0,0,0,0,0,0,0,0,0,0,0,0,"2,000","2,000",0,"2,000","2,000",0,0
00868B,FT1-3年美公債,0,0,0,0,0,0,0,0,0,0,0,0,0,0,0,"100,000","100,000",0,"100,000","100,000",0,0
00869B,FT10-25年公司債,0,0,0,0,0,0,0,0,0,0,0,0,0,0,0,"100,000","100,000",0,"100,000","100,000",0,0
00870B,元大15年EM主權債,0,0,0,0,0,0,0,0,0,0,0,0,0,0,0,"200,000","200,000",0,"200,000","200,000",0,0
00871B,元大中國政金債,0,0,0,0,0,0,0,0,0,0,0,0,0,0,0,"204,000","201,000","3,000","204,000","201,000","3,000","3,000"
00872B,凱基美債1-3,0,0,0,0,0,0,0,0,0,0,0,0,0,0,0,"100,000","100,000",0,"100,000","100,000",0,0
00873B,凱基新興債1-5,0,0,0,0,0,0,0,0,0,0,0,0,0,0,0,"100,000","100,000",0,"100,000","100,000",0,0
00874B,凱基BBB公司債15+,0,0,0,0,0,0,0,0,0,0,0,0,0,0,0,"100,000","100,000",0,"100,000","100,000",0,0
877,FH中國5G,0,0,0,0,0,0,0,0,0,0,0,0,0,0,0,"2,313,998","908,606","1,405,392","2,313,998","908,606","1,405,392","1,405,392"
00879B,第一金美債0-1,0,0,0,0,0,0,0,0,0,0,0,0,0,0,0,"100,000","100,000",0,"100,000","100,000",0,0
00880B,第一金電信債15+,0,0,0,0,0,0,0,0,0,0,0,0,0,0,0,"100,000","100,000",0,"100,000","100,000",0,0
1240,茂生農經,"3,000","1,000","2,000",0,0,0,"3,000","1,000","2,000",0,0,0,0,0,0,0,0,0,0,0,0,"2,000"
1264,德麥,"1,000",0,"1,000",0,0,0,"1,000",0,"1,000",0,0,0,0,0,0,0,0,0,0,0,0,"1,000"
1336,台翰,"127,000","13,000","114,000",0,0,0,"127,000","13,000","114,000",0,0,0,0,0,0,0,0,0,0,0,0,"114,000"
1565,精華,"10,000","16,000","-6,000",0,0,0,"10,000","16,000","-6,000",0,0,0,0,0,0,0,0,0,0,0,0,"-6,000"
1569,濱川,"55,000","13,000","42,000",0,0,0,"55,000","13,000","42,000",0,0,0,0,0,0,"8,000",0,"8,000","8,000",0,"8,000","50,000"
1580,新麥,"2,000","7,000","-5,000",0,0,0,"2,000","7,000","-5,000",0,0,0,0,0,0,0,0,0,0,0,0,"-5,000"
1584,精剛,"52,000",0,"52,000",0,0,0,"52,000",0,"52,000",0,0,0,1,1,0,0,0,0,1,1,0,"52,000"
1586,和勤,"103,000","174,000","-71,000",0,0,0,"103,000","174,000","-71,000",0,0,0,0,"109,000","-109,000","43,000","2,000","41,000","43,000","111,000","-68,000","-139,000"
1591,駿吉-KY,"1,000",0,"1,000",0,0,0,"1,000",0,"1,000",0,0,0,0,0,0,0,0,0,0,0,0,"1,000"
1593,祺驊,"36,000",0,"36,000",0,0,0,"36,000",0,"36,000",0,0,0,0,0,0,0,0,0,0,0,0,"36,000"
1599,宏佳騰,"79,400",0,"79,400",0,0,0,"79,400",0,"79,400",0,0,0,0,0,0,0,0,0,0,0,0,"79,400"
1742,台蠟,0,"3,000","-3,000",0,0,0,0,"3,000","-3,000",0,0,0,1,1,0,0,0,0,1,1,0,"-3,000"
1752,南光,"51,000","4,000","47,000",0,0,0,"51,000","4,000","47,000",0,0,0,0,0,0,0,0,0,0,0,0,"47,000"
1781,合世,0,0,0,0,0,0,0,0,0,0,0,0,0,2,-2,0,0,0,0,2,-2,-2
1784,訊聯,"55,000","30,000","25,000",0,0,0,"55,000","30,000","25,000",0,0,0,0,0,0,0,0,0,0,0,0,"25,000"
1785,光洋科,"437,000","3,349,689","-2,912,689",0,0,0,"437,000","3,349,689","-2,912,689","1,000,000",0,"1,000,000",0,0,0,0,0,0,0,0,0,"-1,912,689"
1788,杏昌,0,"1,000","-1,000",0,0,0,0,"1,000","-1,000",0,0,0,0,"2,000","-2,000",0,0,0,0,"2,000","-2,000","-3,000"
1796,金穎生技,"2,000",0,"2,000",0,0,0,"2,000",0,"2,000",0,0,0,0,1,-1,0,0,0,0,1,-1,"1,999"
1815,富喬,"180,000","62,000","118,000",0,0,0,"180,000","62,000","118,000",0,0,0,0,"13,000","-13,000","20,000","29,000","-9,000","20,000","42,000","-22,000","96,000"
02001B,統一美國政府債N,0,0,0,0,0,0,0,0,0,0,0,0,0,0,0,0,"1,000","-1,000",0,"1,000","-1,000","-1,000"
02002L,兆豐富櫃200正二N,0,0,0,0,0,0,0,0,0,0,0,0,0,0,0,"92,000","86,000","6,000","92,000","86,000","6,000","6,000"
02003L,永豐富櫃200正2N,0,0,0,0,0,0,0,0,0,0,0,0,0,0,0,0,"5,000","-5,000",0,"5,000","-5,000","-5,000"
2061,風青,0,0,0,0,0,0,0,0,0,0,0,0,107,13,94,0,0,0,107,13,94,94
2065,世豐,"2,000","2,000",0,0,0,0,"2,000","2,000",0,0,0,0,0,0,0,0,0,0,0,0,0,0
2066,世德,0,"1,100","-1,100",0,0,0,0,"1,100","-1,100",0,0,0,0,0,0,0,0,0,0,0,0,"-1,100"
2230,泰茂,"3,000",0,"3,000",0,0,0,"3,000",0,"3,000",0,0,0,0,0,0,0,0,0,0,0,0,"3,000"
2640,大車隊,"2,000","2,000",0,0,0,0,"2,000","2,000",0,0,"10,000","-10,000",0,0,0,0,0,0,0,0,0,"-10,000"
2641,正德,"586,000","1,079,000","-493,000",0,0,0,"586,000","1,079,000","-493,000",0,0,0,0,0,0,0,0,0,0,0,0,"-493,000"
2643,捷迅,"18,000","28,000","-10,000",0,0,0,"18,000","28,000","-10,000",0,0,0,0,0,0,0,0,0,0,0,0,"-10,000"
2718,晶悅,0,0,0,0,0,0,0,0,0,0,0,0,1,0,1,0,0,0,1,0,1,1
2726,雅茗-KY,"20,000","9,000","11,000",0,0,0,"20,000","9,000","11,000",0,0,0,0,0,0,0,0,0,0,0,0,"11,000"
2729,瓦城,"2,000","1,000","1,000",0,0,0,"2,000","1,000","1,000",0,0,0,0,0,0,0,0,0,0,0,0,"1,000"
2732,六角,"7,000",0,"7,000",0,0,0,"7,000",0,"7,000",0,0,0,0,0,0,0,0,0,0,0,0,"7,000"
2740,天蔥,0,0,0,0,0,0,0,0,0,0,0,0,0,1,-1,0,0,0,0,1,-1,-1
2743,山富,0,"3,000","-3,000",0,0,0,0,"3,000","-3,000",0,0,0,0,0,0,0,0,0,0,0,0,"-3,000"
2752,豆府,0,"1,000","-1,000",0,0,0,0,"1,000","-1,000",0,0,0,0,0,0,0,0,0,0,0,0,"-1,000"
2754,亞洲藏壽司,"6,000","6,000",0,0,0,0,"6,000","6,000",0,0,0,0,0,0,0,0,0,0,0,0,0,0
2755,揚秦,0,"2,000","-2,000",0,0,0,0,"2,000","-2,000",0,0,0,0,0,0,0,0,0,0,0,0,"-2,000"
3067,全域,0,"21,000","-21,000",0,0,0,0,"21,000","-21,000",0,0,0,0,0,0,0,0,0,0,0,0,"-21,000"
3071,協禧,"236,000","41,000","195,000",0,0,0,"236,000","41,000","195,000",0,0,0,0,0,0,0,0,0,0,0,0,"195,000"
3078,僑威,"217,000","209,000","8,000",0,0,0,"217,000","209,000","8,000",0,0,0,0,0,0,0,"6,000","-6,000",0,"6,000","-6,000","2,000"
3081,聯亞,"144,000","184,000","-40,000",0,0,0,"144,000","184,000","-40,000",0,0,0,"4,005","22,000","-17,995","5,000","23,000","-18,000","9,005","45,000","-35,995","-75,995"
3083,網龍,"17,000","103,000","-86,000",0,0,0,"17,000","103,000","-86,000",0,0,0,0,31,-31,"1,000","103,000","-102,000","1,000","103,031","-102,031","-188,031"
3086,華義,0,0,0,0,0,0,0,0,0,0,0,0,0,"1,000","-1,000",0,0,0,0,"1,000","-1,000","-1,000"
3088,艾訊,"8,000",0,"8,000",0,0,0,"8,000",0,"8,000",0,0,0,0,0,0,0,0,0,0,0,0,"8,000"
3092,鴻碩,"1,019,000","898,000","121,000",0,0,0,"1,019,000","898,000","121,000","13,000",0,"13,000","52,000",0,"52,000","68,000","145,000","-77,000","120,000","145,000","-25,000","109,000"
3105,穩懋,"2,476,761","1,005,093","1,471,668",0,0,0,"2,476,761","1,005,093","1,471,668","156,000",0,"156,000","91,000","77,000","14,000","118,000","31,000","87,000","209,000","108,000","101,000","1,728,668"
3114,好德,"52,000","33,000","19,000",0,0,0,"52,000","33,000","19,000",0,0,0,0,0,0,0,0,0,0,0,0,"19,000"
3118,進階,"3,000",0,"3,000",0,0,0,"3,000",0,"3,000",0,0,0,0,0,0,0,0,0,0,0,0,"3,000"
3122,笙泉,"53,000","42,000","11,000",0,0,0,"53,000","42,000","11,000",0,0,0,1,1,0,0,0,0,1,1,0,"11,000"
3128,昇銳,"271,000","265,000","6,000",0,0,0,"271,000","265,000","6,000",0,0,0,0,0,0,0,0,0,0,0,0,"6,000"
3131,弘塑,"46,000","83,000","-37,000",0,0,0,"46,000","83,000","-37,000",0,"30,000","-30,000",1,"10,008","-10,007",0,"5,000","-5,000",1,"15,008","-15,007","-82,007"
3141,晶宏,"41,000","106,000","-65,000",0,0,0,"41,000","106,000","-65,000",0,0,0,0,0,0,0,0,0,0,0,0,"-65,000"
3144,新揚科,0,"24,000","-24,000",0,0,0,0,"24,000","-24,000",0,0,0,0,0,0,0,0,0,0,0,0,"-24,000"
3147,大綜,0,"2,000","-2,000",0,0,0,0,"2,000","-2,000",0,0,0,10,0,10,0,0,0,10,0,10,"-1,990"
3152,璟德,"252,000","77,000","175,000",0,0,0,"252,000","77,000","175,000","57,000","10,000","47,000","9,000","12,513","-3,513","35,000","5,000","30,000","44,000","17,513","26,487","248,487"
3163,波若威,"58,000","18,000","40,000",0,0,0,"58,000","18,000","40,000",0,0,0,0,0,0,"11,000",0,"11,000","11,000",0,"11,000","51,000"
3169,亞信,"52,000","50,000","2,000",0,0,0,"52,000","50,000","2,000",0,0,0,0,0,0,0,0,0,0,0,0,"2,000"
3171,新洲,"1,000",0,"1,000",0,0,0,"1,000",0,"1,000",0,0,0,0,0,0,0,0,0,0,0,0,"1,000"
3176,基亞,"19,000","19,000",0,0,0,0,"19,000","19,000",0,0,0,0,0,0,0,0,0,0,0,0,0,0
3178,公準,"52,000","20,000","32,000",0,0,0,"52,000","20,000","32,000",0,0,0,0,0,0,0,0,0,0,0,0,"32,000"
3188,鑫龍騰,108,0,108,0,0,0,108,0,108,0,0,0,0,0,0,0,0,0,0,0,0,108
3191,和進,"3,000","4,000","-1,000",0,0,0,"3,000","4,000","-1,000",0,0,0,0,0,0,0,0,0,0,0,0,"-1,000"
3202,樺晟,"173,000","103,000","70,000",0,0,0,"173,000","103,000","70,000",0,0,0,"15,000","10,000","5,000","4,000","1,000","3,000","19,000","11,000","8,000","78,000"
3206,志豐,"36,000","45,000","-9,000",0,0,0,"36,000","45,000","-9,000",0,0,0,0,"5,000","-5,000",0,0,0,0,"5,000","-5,000","-14,000"
3211,順達,"68,000","108,000","-40,000",0,0,0,"68,000","108,000","-40,000",0,0,0,0,"1,000","-1,000",0,"57,000","-57,000",0,"58,000","-58,000","-98,000"
3213,茂訊,"10,000","4,000","6,000",0,0,0,"10,000","4,000","6,000",0,0,0,0,0,0,0,0,0,0,0,0,"6,000"
3217,優群,"151,000","19,000","132,000",0,0,0,"151,000","19,000","132,000","25,000",0,"25,000",0,0,0,"28,000","5,000","23,000","28,000","5,000","23,000","180,000"
3218,大學光,"159,000","209,732","-50,732",0,0,0,"159,000","209,732","-50,732",0,0,0,"1,185",189,996,"7,000","32,000","-25,000","8,185","32,189","-24,004","-74,736"
3221,台嘉碩,"63,000","7,000","56,000",0,0,0,"63,000","7,000","56,000",0,0,0,0,0,0,0,0,0,0,0,0,"56,000"
3224,三顧,"4,000",0,"4,000",0,0,0,"4,000",0,"4,000",0,0,0,1,0,1,0,0,0,1,0,1,"4,001"
3226,至寶電,"5,000",0,"5,000",0,0,0,"5,000",0,"5,000",0,0,0,0,0,0,0,0,0,0,0,0,"5,000"
3227,原相,"253,050","717,184","-464,134",0,0,0,"253,050","717,184","-464,134","74,000",0,"74,000","74,000","87,478","-13,478","15,000","41,684","-26,684","89,000","129,162","-40,162","-430,296"
3228,金麗科,"34,000","13,000","21,000",0,0,0,"34,000","13,000","21,000",0,0,0,0,0,0,"10,000",0,"10,000","10,000",0,"10,000","31,000"
3230,錦明,0,0,0,0,0,0,0,0,0,0,0,0,100,0,100,0,0,0,100,0,100,100
3232,昱捷,"12,000",0,"12,000",0,0,0,"12,000",0,"12,000",0,0,0,0,0,0,0,0,0,0,0,0,"12,000"
3234,光環,"37,000","131,000","-94,000",0,0,0,"37,000","131,000","-94,000",0,0,0,0,0,0,0,0,0,0,0,0,"-94,000"
3236,千如,"218,000","121,000","97,000",0,0,0,"218,000","121,000","97,000",0,0,0,0,20,-20,0,0,0,0,20,-20,"96,980"
3259,鑫創,"1,000","9,000","-8,000",0,0,0,"1,000","9,000","-8,000",0,0,0,0,0,0,0,0,0,0,0,0,"-8,000"
3260,威剛,"178,000","856,000","-678,000",0,0,0,"178,000","856,000","-678,000",0,0,0,"10,000","35,000","-25,000","17,000","12,000","5,000","27,000","47,000","-20,000","-698,000"
3264,欣銓,"872,000","3,250,000","-2,378,000",0,0,0,"872,000","3,250,000","-2,378,000","321,000",0,"321,000","292,311","222,646","69,665","812,000","150,000","662,000","1,104,311","372,646","731,665","-1,325,335"
3265,台星科,"2,000","23,000","-21,000",0,0,0,"2,000","23,000","-21,000",0,0,0,0,0,0,0,0,0,0,0,0,"-21,000"
3268,海德威,"3,000","1,000","2,000",0,0,0,"3,000","1,000","2,000",0,0,0,0,2,-2,0,0,0,0,2,-2,"1,998"
3272,東碩,"362,000","448,000","-86,000",0,0,0,"362,000","448,000","-86,000",0,0,0,0,"6,005","-6,005","109,000","25,000","84,000","109,000","31,005","77,995","-8,005"
3284,太普高,0,0,0,0,0,0,0,0,0,0,0,0,5,0,5,0,0,0,5,0,5,5
3285,微端,"36,000","17,000","19,000",0,0,0,"36,000","17,000","19,000",0,0,0,3,"19,000","-18,997",0,0,0,3,"19,000","-18,997",3
3287,廣寰科,"10,000","55,000","-45,000",0,0,0,"10,000","55,000","-45,000",0,0,0,0,"4,000","-4,000",0,0,0,0,"4,000","-4,000","-49,000"
3288,點晶,0,0,0,0,0,0,0,0,0,0,0,0,100,0,100,0,0,0,100,0,100,100
3289,宜特,"84,000","244,000","-160,000",0,0,0,"84,000","244,000","-160,000",0,0,0,0,0,0,"4,000","10,000","-6,000","4,000","10,000","-6,000","-166,000"
3290,東浦,"2,000","39,000","-37,000",0,0,0,"2,000","39,000","-37,000",0,0,0,0,0,0,0,0,0,0,0,0,"-37,000"
3293,鈊象,"71,000","170,000","-99,000",0,0,0,"71,000","170,000","-99,000",0,"100,000","-100,000","10,000","5,089","4,911","6,000","25,724","-19,724","16,000","30,813","-14,813","-213,813"
3294,英濟,"23,000","64,000","-41,000",0,0,0,"23,000","64,000","-41,000",0,0,0,0,0,0,0,0,0,0,0,0,"-41,000"
3297,杭特,"14,000",0,"14,000",0,0,0,"14,000",0,"14,000",0,0,0,0,0,0,0,0,0,0,0,0,"14,000"
3306,鼎天,"2,000",0,"2,000",0,0,0,"2,000",0,"2,000",0,0,0,0,0,0,0,0,0,0,0,0,"2,000"
3310,佳穎,"7,000","5,000","2,000",0,0,0,"7,000","5,000","2,000",0,0,0,0,0,0,0,0,0,0,0,0,"2,000"
3317,尼克森,"186,000","90,000","96,000",0,0,0,"186,000","90,000","96,000",0,0,0,"50,000",0,"50,000","7,000",0,"7,000","57,000",0,"57,000","153,000"
3322,建舜電,"28,000","29,000","-1,000",0,0,0,"28,000","29,000","-1,000",0,0,0,0,0,0,0,0,0,0,0,0,"-1,000"
3323,加百裕,"81,000","398,000","-317,000",0,0,0,"81,000","398,000","-317,000",0,0,0,0,0,0,0,"30,000","-30,000",0,"30,000","-30,000","-347,000"
3324,雙鴻,"486,000","403,000","83,000",0,0,0,"486,000","403,000","83,000","15,000",0,"15,000","101,000","186,167","-85,167","46,000","88,300","-42,300","147,000","274,467","-127,467","-29,467"
3325,旭品,"125,000","131,000","-6,000",0,0,0,"125,000","131,000","-6,000",0,0,0,0,0,0,0,0,0,0,0,0,"-6,000"
3339,泰谷,"11,000",0,"11,000",0,0,0,"11,000",0,"11,000",0,0,0,0,0,0,0,0,0,0,0,0,"11,000"
3354,律勝,0,"1,000","-1,000",0,0,0,0,"1,000","-1,000",0,0,0,0,0,0,0,0,0,0,0,0,"-1,000"
3360,尚立,"6,000","16,000","-10,000",0,0,0,"6,000","16,000","-10,000",0,0,0,53,160,-107,0,0,0,53,160,-107,"-10,107"
3362,先進光,"139,000","26,000","113,000",0,0,0,"139,000","26,000","113,000",0,0,0,0,0,0,0,0,0,0,0,0,"113,000"
3363,上詮,"60,000","76,000","-16,000",0,0,0,"60,000","76,000","-16,000",0,0,0,0,0,0,0,0,0,0,0,0,"-16,000"
3372,典範,"6,000","21,000","-15,000",0,0,0,"6,000","21,000","-15,000",0,0,0,0,0,0,0,0,0,0,0,0,"-15,000"
3373,熱映,"86,000","52,000","34,000",0,0,0,"86,000","52,000","34,000",0,0,0,0,0,0,0,"5,000","-5,000",0,"5,000","-5,000","29,000"
3374,精材,"562,000","3,065,000","-2,503,000",0,0,0,"562,000","3,065,000","-2,503,000",0,0,0,"221,000","208,000","13,000","135,000","122,000","13,000","356,000","330,000","26,000","-2,477,000"
3379,彬台,0,0,0,0,0,0,0,0,0,0,0,0,2,0,2,0,0,0,2,0,2,2
3388,崇越電,"1,000","3,000","-2,000",0,0,0,"1,000","3,000","-2,000",0,0,0,0,0,0,0,0,0,0,0,0,"-2,000"
3390,旭軟,0,0,0,0,0,0,0,0,0,0,0,0,2,0,2,0,0,0,2,0,2,2
3402,漢科,"8,000","14,000","-6,000",0,0,0,"8,000","14,000","-6,000",0,0,0,0,0,0,0,0,0,0,0,0,"-6,000"
3438,類比科,"12,000","23,000","-11,000",0,0,0,"12,000","23,000","-11,000",0,0,0,0,0,0,0,0,0,0,0,0,"-11,000"
3441,聯一光,"12,000","2,000","10,000",0,0,0,"12,000","2,000","10,000",0,0,0,0,26,-26,0,0,0,0,26,-26,"9,974"
3444,利機,"35,000","2,000","33,000",0,0,0,"35,000","2,000","33,000",0,0,0,0,0,0,0,0,0,0,0,0,"33,000"
3455,由田,"13,000","7,000","6,000",0,0,0,"13,000","7,000","6,000",0,0,0,0,0,0,0,0,0,0,0,0,"6,000"
3465,進泰電子,"14,000","10,000","4,000",0,0,0,"14,000","10,000","4,000",0,0,0,27,0,27,0,0,0,27,0,27,"4,027"
3479,安勤,"9,000","12,000","-3,000",0,0,0,"9,000","12,000","-3,000",0,0,0,0,0,0,0,0,0,0,0,0,"-3,000"
3483,力致,"277,000","798,300","-521,300",0,0,0,"277,000","798,300","-521,300","93,000",0,"93,000","9,000","183,000","-174,000","40,000","8,000","32,000","49,000","191,000","-142,000","-570,300"
3484,崧騰,"179,000","197,000","-18,000",0,0,0,"179,000","197,000","-18,000",0,0,0,0,0,0,"1,000","4,000","-3,000","1,000","4,000","-3,000","-21,000"
3489,森寶,0,0,0,0,0,0,0,0,0,0,0,0,0,"5,000","-5,000",0,0,0,0,"5,000","-5,000","-5,000"
3490,單井,"240,000","212,000","28,000",0,0,0,"240,000","212,000","28,000",0,0,0,"8,000",0,"8,000",0,0,0,"8,000",0,"8,000","36,000"
3491,昇達科,"128,000","134,000","-6,000",0,0,0,"128,000","134,000","-6,000",0,0,0,0,0,0,"52,000","9,000","43,000","52,000","9,000","43,000","37,000"
3492,長盛,"26,000",0,"26,000",0,0,0,"26,000",0,"26,000",0,0,0,0,0,0,0,0,0,0,0,0,"26,000"
3498,陽程,"45,000","147,000","-102,000",0,0,0,"45,000","147,000","-102,000",0,0,0,0,0,0,0,0,0,0,0,0,"-102,000"
3499,環天科,"4,000",0,"4,000",0,0,0,"4,000",0,"4,000",0,0,0,0,0,0,0,0,0,0,0,0,"4,000"
3508,位速,"77,000","120,000","-43,000",0,0,0,"77,000","120,000","-43,000",0,0,0,0,7,-7,0,0,0,0,7,-7,"-43,007"
3511,矽瑪,"64,000","58,000","6,000",0,0,0,"64,000","58,000","6,000",0,0,0,0,0,0,0,0,0,0,0,0,"6,000"
3516,亞帝歐,"4,000","1,000","3,000",0,0,0,"4,000","1,000","3,000",0,0,0,0,0,0,0,0,0,0,0,0,"3,000"
3521,鴻翊,"27,000","7,000","20,000",0,0,0,"27,000","7,000","20,000",0,0,0,"15,000","3,000","12,000",0,0,0,"15,000","3,000","12,000","32,000"
3522,御頂,"32,000","24,000","8,000",0,0,0,"32,000","24,000","8,000",0,0,0,0,0,0,0,0,0,0,0,0,"8,000"
3523,迎輝,0,0,0,0,0,0,0,0,0,0,0,0,13,0,13,0,0,0,13,0,13,13
3526,凡甲,"81,000","97,000","-16,000",0,0,0,"81,000","97,000","-16,000",0,0,0,"39,000",0,"39,000","33,000","4,000","29,000","72,000","4,000","68,000","52,000"
3527,聚積,"183,000","108,000","75,000",0,0,0,"183,000","108,000","75,000",0,0,0,"10,000",0,"10,000","56,000",0,"56,000","66,000",0,"66,000","141,000"
3529,力旺,"421,040","145,400","275,640",0,0,0,"421,040","145,400","275,640",0,"10,000","-10,000","19,855","14,000","5,855","39,000","18,000","21,000","58,855","32,000","26,855","292,495"
3531,先益,0,"1,000","-1,000",0,0,0,0,"1,000","-1,000",0,0,0,0,0,0,0,0,0,0,0,0,"-1,000"
3537,堡達,"2,000","5,000","-3,000",0,0,0,"2,000","5,000","-3,000",0,0,0,2,0,2,0,0,0,2,0,2,"-2,998"
3540,曜越,"72,000","308,000","-236,000",0,0,0,"72,000","308,000","-236,000",0,0,0,0,0,0,"14,000","10,000","4,000","14,000","10,000","4,000","-232,000"
3541,西柏,"10,000",0,"10,000",0,0,0,"10,000",0,"10,000",0,0,0,0,0,0,0,0,0,0,0,0,"10,000"
3546,宇峻,"4,000","423,287","-419,287",0,0,0,"4,000","423,287","-419,287",0,0,0,0,0,0,0,"80,000","-80,000",0,"80,000","-80,000","-499,287"
3548,兆利,"63,000","34,000","29,000",0,0,0,"63,000","34,000","29,000",0,0,0,0,"95,000","-95,000",0,"2,000","-2,000",0,"97,000","-97,000","-68,000"
3551,世禾,"33,000","11,000","22,000",0,0,0,"33,000","11,000","22,000",0,0,0,0,0,0,0,0,0,0,0,0,"22,000"
3552,同致,"324,000","428,040","-104,040",0,0,0,"324,000","428,040","-104,040",0,0,0,0,0,0,"30,000","18,000","12,000","30,000","18,000","12,000","-92,040"
3556,禾瑞亞,"16,000","15,000","1,000",0,0,0,"16,000","15,000","1,000",0,0,0,0,0,0,0,0,0,0,0,0,"1,000"
3558,神準,"12,000","10,000","2,000",0,0,0,"12,000","10,000","2,000",0,0,0,0,0,0,0,0,0,0,0,0,"2,000"
3567,逸昌,"11,000","12,000","-1,000",0,0,0,"11,000","12,000","-1,000",0,0,0,0,0,0,0,0,0,0,0,0,"-1,000"
3580,友威科,"22,000","185,000","-163,000",0,0,0,"22,000","185,000","-163,000",0,0,0,0,81,-81,0,0,0,0,81,-81,"-163,081"
3581,博磊,"94,000","25,000","69,000",0,0,0,"94,000","25,000","69,000",0,0,0,0,0,0,0,0,0,0,0,0,"69,000"
3587,閎康,"138,000","467,000","-329,000",0,0,0,"138,000","467,000","-329,000","179,000",0,"179,000","13,000",0,"13,000","13,000","210,000","-197,000","26,000","210,000","-184,000","-334,000"
3594,磐儀,"7,000","10,000","-3,000",0,0,0,"7,000","10,000","-3,000",0,0,0,0,0,0,0,0,0,0,0,0,"-3,000"
3597,映興,"12,000","55,000","-43,000",0,0,0,"12,000","55,000","-43,000",0,0,0,0,1,-1,0,0,0,0,1,-1,"-43,001"
3609,東林,"11,000","3,000","8,000",0,0,0,"11,000","3,000","8,000",0,0,0,0,0,0,0,0,0,0,0,0,"8,000"
3611,鼎翰,"1,000",0,"1,000",0,0,0,"1,000",0,"1,000",0,0,0,0,0,0,0,0,0,0,0,0,"1,000"
3615,安可,"64,000","147,000","-83,000",0,0,0,"64,000","147,000","-83,000",0,0,0,0,0,0,0,0,0,0,0,0,"-83,000"
3623,富晶通,"3,000",0,"3,000",0,0,0,"3,000",0,"3,000",0,0,0,12,0,12,0,0,0,12,0,12,"3,012"
3624,光頡,"34,000","63,000","-29,000",0,0,0,"34,000","63,000","-29,000",0,0,0,5,0,5,0,"46,000","-46,000",5,"46,000","-45,995","-74,995"
3625,西勝,"60,000","116,000","-56,000",0,0,0,"60,000","116,000","-56,000",0,0,0,0,0,0,0,0,0,0,0,0,"-56,000"
3630,新鉅科,"216,000","241,000","-25,000",0,0,0,"216,000","241,000","-25,000",0,0,0,0,0,0,"19,000","8,866","10,134","19,000","8,866","10,134","-14,866"
3631,晟楠,0,"4,000","-4,000",0,0,0,0,"4,000","-4,000",0,0,0,0,0,0,0,0,0,0,0,0,"-4,000"
3642,駿熠電,0,0,0,0,0,0,0,0,0,0,0,0,172,0,172,0,0,0,172,0,172,172
3646,艾恩特,"3,000","5,000","-2,000",0,0,0,"3,000","5,000","-2,000",0,0,0,0,"2,000","-2,000",0,0,0,0,"2,000","-2,000","-4,000"
3663,鑫科,"5,000","23,000","-18,000",0,0,0,"5,000","23,000","-18,000",0,0,0,0,0,0,0,0,0,0,0,0,"-18,000"
3666,光耀,"168,000","369,474","-201,474",0,0,0,"168,000","369,474","-201,474",0,0,0,0,"4,100","-4,100",0,0,0,0,"4,100","-4,100","-205,574"
3675,德微,"15,000","4,000","11,000",0,0,0,"15,000","4,000","11,000",0,0,0,0,"2,000","-2,000","3,000",0,"3,000","3,000","2,000","1,000","12,000"
3680,家登,"217,253","892,010","-674,757",0,0,0,"217,253","892,010","-674,757","135,000",0,"135,000","136,000","3,261","132,739","11,000","47,000","-36,000","147,000","50,261","96,739","-443,018"
3685,元創精密,0,"27,000","-27,000",0,0,0,0,"27,000","-27,000",0,0,0,0,0,0,0,0,0,0,0,0,"-27,000"
3687,歐買尬,"6,000","31,000","-25,000",0,0,0,"6,000","31,000","-25,000",0,0,0,0,0,0,0,0,0,0,0,0,"-25,000"
3689,湧德,"14,000","4,000","10,000",0,0,0,"14,000","4,000","10,000",0,0,0,0,0,0,0,0,0,0,0,0,"10,000"
3691,碩禾,"143,010","206,000","-62,990",0,0,0,"143,010","206,000","-62,990",0,"17,000","-17,000","43,320","2,016","41,304","31,000","2,000","29,000","74,320","4,016","70,304","-9,686"
3693,營邦,"1,000",0,"1,000",0,0,0,"1,000",0,"1,000",0,0,0,0,0,0,0,0,0,0,0,0,"1,000"
3707,漢磊,"2,416,000","1,977,000","439,000",0,0,0,"2,416,000","1,977,000","439,000","22,000",0,"22,000","78,000",0,"78,000",0,0,0,"78,000",0,"78,000","539,000"
3710,連展投控,"104,000","132,000","-28,000",0,0,0,"104,000","132,000","-28,000",0,0,0,"43,001","29,060","13,941",0,0,0,"43,001","29,060","13,941","-14,059"
3713,新晶投控,"10,000","2,000","8,000",0,0,0,"10,000","2,000","8,000",0,0,0,0,0,0,0,0,0,0,0,0,"8,000"
4102,永日,"37,000","12,000","25,000",0,0,0,"37,000","12,000","25,000",0,0,0,0,0,0,0,0,0,0,0,0,"25,000"
4105,東洋,"29,000","538,000","-509,000",0,0,0,"29,000","538,000","-509,000",0,0,0,0,0,0,0,"2,000","-2,000",0,"2,000","-2,000","-511,000"
4107,邦特,"28,000","30,000","-2,000",0,0,0,"28,000","30,000","-2,000",0,"26,000","-26,000",0,0,0,0,0,0,0,0,0,"-28,000"
4109,加捷生醫,0,"7,000","-7,000",0,0,0,0,"7,000","-7,000",0,0,0,0,0,0,0,0,0,0,0,0,"-7,000"
4113,聯上,"11,000","3,000","8,000",0,0,0,"11,000","3,000","8,000",0,0,0,0,0,0,0,0,0,0,0,0,"8,000"
4114,健喬,"44,000","30,000","14,000",0,0,0,"44,000","30,000","14,000",0,0,0,0,0,0,0,0,0,0,0,0,"14,000"
4120,友華,"1,000",0,"1,000",0,0,0,"1,000",0,"1,000",0,0,0,2,0,2,0,0,0,2,0,2,"1,002"
4121,優盛,"14,000","19,000","-5,000",0,0,0,"14,000","19,000","-5,000",0,0,0,0,0,0,0,0,0,0,0,0,"-5,000"
4123,晟德,"138,000","167,000","-29,000",0,0,0,"138,000","167,000","-29,000",0,0,0,113,"4,238","-4,125",0,"11,000","-11,000",113,"15,238","-15,125","-44,125"
4126,太醫,"15,000","57,194","-42,194",0,0,0,"15,000","57,194","-42,194",0,0,0,0,"2,753","-2,753",0,0,0,0,"2,753","-2,753","-44,947"
4127,天良,0,0,0,0,0,0,0,0,0,0,0,0,0,2,-2,0,0,0,0,2,-2,-2
4128,中天,"311,000","251,000","60,000",0,0,0,"311,000","251,000","60,000",0,0,0,0,0,0,0,0,0,0,0,0,"60,000"
4129,聯合,"2,000","1,000","1,000",0,0,0,"2,000","1,000","1,000",0,0,0,0,0,0,0,0,0,0,0,0,"1,000"
4130,健亞,"63,000","3,000","60,000",0,0,0,"63,000","3,000","60,000",0,0,0,0,0,0,0,0,0,0,0,0,"60,000"
4139,馬光-KY,"1,000","4,000","-3,000",0,0,0,"1,000","4,000","-3,000",0,0,0,0,0,0,0,0,0,0,0,0,"-3,000"
4147,中裕,"23,000","9,000","14,000",0,0,0,"23,000","9,000","14,000",0,0,0,0,0,0,0,0,0,0,0,0,"14,000"
4152,台微體,"44,000","3,000","41,000",0,0,0,"44,000","3,000","41,000",0,0,0,1,0,1,0,0,0,1,0,1,"41,001"
4153,鈺緯,0,0,0,0,0,0,0,0,0,0,0,0,183,0,183,0,0,0,183,0,183,183
4154,康樂-KY,0,"27,000","-27,000",0,0,0,0,"27,000","-27,000",0,0,0,0,0,0,0,0,0,0,0,0,"-27,000"
4157,太景*-KY,"44,000","75,000","-31,000",0,0,0,"44,000","75,000","-31,000",0,0,0,0,0,0,0,0,0,0,0,0,"-31,000"
4160,創源,"1,000",0,"1,000",0,0,0,"1,000",0,"1,000",0,0,0,0,0,0,0,0,0,0,0,0,"1,000"
4162,智擎,"29,000","76,000","-47,000",0,0,0,"29,000","76,000","-47,000",0,0,0,0,"18,509","-18,509","4,000","7,000","-3,000","4,000","25,509","-21,509","-68,509"
4163,鐿鈦,"4,000",0,"4,000",0,0,0,"4,000",0,"4,000",0,0,0,0,0,0,0,0,0,0,0,0,"4,000"
4167,松瑞藥,"394,000","168,000","226,000",0,0,0,"394,000","168,000","226,000",0,"381,000","-381,000",1,42,-41,0,"12,000","-12,000",1,"12,042","-12,041","-167,041"
4168,醣聯,"31,000","35,000","-4,000",0,0,0,"31,000","35,000","-4,000",0,0,0,0,0,0,0,0,0,0,0,0,"-4,000"
4171,瑞基,"99,000","204,000","-105,000",0,0,0,"99,000","204,000","-105,000",0,0,0,0,0,0,0,"1,000","-1,000",0,"1,000","-1,000","-106,000"
4173,久裕,"20,000","12,000","8,000",0,0,0,"20,000","12,000","8,000",0,0,0,0,0,0,0,0,0,0,0,0,"8,000"
4174,浩鼎,"93,000","235,000","-142,000",0,0,0,"93,000","235,000","-142,000",0,0,0,0,0,0,0,0,0,0,0,0,"-142,000"
4188,安克,0,0,0,0,0,0,0,0,0,0,0,0,1,0,1,0,0,0,1,0,1,1
4192,杏國,"5,000","2,000","3,000",0,0,0,"5,000","2,000","3,000",0,0,0,0,0,0,0,0,0,0,0,0,"3,000"
4205,中華食,0,"1,000","-1,000",0,0,0,0,"1,000","-1,000",0,0,0,0,0,0,0,0,0,0,0,0,"-1,000"
4303,信立,"3,000",0,"3,000",0,0,0,"3,000",0,"3,000",0,0,0,0,0,0,0,0,0,0,0,0,"3,000"
4401,東隆興,"4,000","6,000","-2,000",0,0,0,"4,000","6,000","-2,000",0,0,0,0,"1,000","-1,000",0,0,0,0,"1,000","-1,000","-3,000"
4402,福大,"3,000",0,"3,000",0,0,0,"3,000",0,"3,000",0,0,0,0,7,-7,0,0,0,0,7,-7,"2,993"
4417,金洲,"14,000",0,"14,000",0,0,0,"14,000",0,"14,000",0,0,0,0,"8,000","-8,000",0,0,0,0,"8,000","-8,000","6,000"
4420,光明,0,0,0,0,0,0,0,0,0,0,0,0,"1,000",0,"1,000",0,0,0,"1,000",0,"1,000","1,000"
4433,興采,"31,000","18,000","13,000",0,0,0,"31,000","18,000","13,000",0,0,0,"7,000","6,000","1,000",0,0,0,"7,000","6,000","1,000","14,000"
4502,健信,0,0,0,0,0,0,0,0,0,0,0,0,109,0,109,0,0,0,109,0,109,109
4506,崇友,0,"2,000","-2,000",0,0,0,0,"2,000","-2,000",0,0,0,0,"2,000","-2,000",0,0,0,0,"2,000","-2,000","-4,000"
4510,高鋒,0,0,0,0,0,0,0,0,0,0,0,0,101,0,101,0,0,0,101,0,101,101
4513,福裕,0,0,0,0,0,0,0,0,0,0,0,0,2,0,2,0,0,0,2,0,2,2
4527,方土霖,0,"1,000","-1,000",0,0,0,0,"1,000","-1,000",0,0,0,0,0,0,0,0,0,0,0,0,"-1,000"
4528,江興鍛,"39,000","131,000","-92,000",0,0,0,"39,000","131,000","-92,000",0,0,0,0,0,0,0,"17,000","-17,000",0,"17,000","-17,000","-109,000"
4529,淳紳,"1,000",0,"1,000",0,0,0,"1,000",0,"1,000",0,0,0,0,0,0,0,0,0,0,0,0,"1,000"
4530,宏易,0,"11,000","-11,000",0,0,0,0,"11,000","-11,000",0,0,0,0,0,0,0,0,0,0,0,0,"-11,000"
4533,協易機,0,0,0,0,0,0,0,0,0,0,0,0,2,0,2,0,0,0,2,0,2,2
4534,慶騰,"2,000",0,"2,000",0,0,0,"2,000",0,"2,000",0,0,0,0,83,-83,0,0,0,0,83,-83,"1,917"
4538,大詠城,0,0,0,0,0,0,0,0,0,0,0,0,12,0,12,0,0,0,12,0,12,12
4543,萬在,0,"1,000","-1,000",0,0,0,0,"1,000","-1,000",0,0,0,0,0,0,0,0,0,0,0,0,"-1,000"
4549,桓達,"5,000",0,"5,000",0,0,0,"5,000",0,"5,000",0,0,0,0,0,0,0,0,0,0,0,0,"5,000"
4550,長佳,"19,000",0,"19,000",0,0,0,"19,000",0,"19,000",0,0,0,0,0,0,0,0,0,0,0,0,"19,000"
4554,橙的,"1,000",0,"1,000",0,0,0,"1,000",0,"1,000",0,0,0,0,0,0,0,0,0,0,0,0,"1,000"
4556,旭然,0,0,0,0,0,0,0,0,0,0,0,0,0,"1,000","-1,000",0,0,0,0,"1,000","-1,000","-1,000"
4561,健椿,"1,000","3,000","-2,000",0,0,0,"1,000","3,000","-2,000",0,0,0,0,"2,000","-2,000",0,0,0,0,"2,000","-2,000","-4,000"
4563,百德,0,"3,000","-3,000",0,0,0,0,"3,000","-3,000",0,0,0,0,0,0,0,0,0,0,0,0,"-3,000"
4580,捷流閥業,"2,000","3,000","-1,000",0,0,0,"2,000","3,000","-1,000",0,0,0,0,0,0,0,0,0,0,0,0,"-1,000"
4707,磐亞,"53,000","166,000","-113,000",0,0,0,"53,000","166,000","-113,000",0,0,0,2,0,2,"10,000","7,000","3,000","10,002","7,000","3,002","-109,998"
4711,永純,0,0,0,0,0,0,0,0,0,0,0,0,0,2,-2,0,0,0,0,2,-2,-2
4714,永捷,"23,000","1,000","22,000",0,0,0,"23,000","1,000","22,000",0,0,0,"8,000",0,"8,000",0,0,0,"8,000",0,"8,000","30,000"
4716,大立,"4,000","14,000","-10,000",0,0,0,"4,000","14,000","-10,000",0,0,0,1,0,1,0,0,0,1,0,1,"-9,999"
4721,美琪瑪,"101,000","56,000","45,000",0,0,0,"101,000","56,000","45,000",0,0,0,0,0,0,0,"2,000","-2,000",0,"2,000","-2,000","43,000"
4726,永昕,"14,000","11,000","3,000",0,0,0,"14,000","11,000","3,000",0,0,0,0,0,0,0,0,0,0,0,0,"3,000"
4728,雙美,"7,000","7,000",0,0,0,0,"7,000","7,000",0,0,0,0,1,0,1,"23,000","4,000","19,000","23,001","4,000","19,001","19,001"
4729,熒茂,"10,000","101,000","-91,000",0,0,0,"10,000","101,000","-91,000",0,0,0,4,3,1,0,0,0,4,3,1,"-90,999"
4735,豪展,"65,000","84,000","-19,000",0,0,0,"65,000","84,000","-19,000",0,0,0,0,0,0,0,"7,000","-7,000",0,"7,000","-7,000","-26,000"
4736,泰博,"36,000","49,000","-13,000",0,0,0,"36,000","49,000","-13,000",0,"50,000","-50,000","5,000","18,940","-13,940","3,000","3,000",0,"8,000","21,940","-13,940","-76,940"
4743,合一,"349,000","271,513","77,487",0,0,0,"349,000","271,513","77,487",0,0,0,0,0,0,"11,000","46,000","-35,000","11,000","46,000","-35,000","42,487"
4744,皇將,"1,000","1,000",0,0,0,0,"1,000","1,000",0,0,0,0,"5,000","5,000",0,0,0,0,"5,000","5,000",0,0
4760,勤凱,"10,000","97,000","-87,000",0,0,0,"10,000","97,000","-87,000",0,0,0,0,0,0,0,0,0,0,0,0,"-87,000"
4803,VHQ-KY,"13,000","17,000","-4,000",0,0,0,"13,000","17,000","-4,000",0,0,0,0,0,0,0,0,0,0,0,0,"-4,000"
4804,大略-KY,"7,000","17,000","-10,000",0,0,0,"7,000","17,000","-10,000",0,0,0,0,197,-197,0,0,0,0,197,-197,"-10,197"
4907,富宇,0,"20,000","-20,000",0,0,0,0,"20,000","-20,000",0,0,0,0,0,0,0,0,0,0,0,0,"-20,000"
4908,前鼎,"18,000","8,000","10,000",0,0,0,"18,000","8,000","10,000",0,0,0,0,0,0,0,0,0,0,0,0,"10,000"
4909,新復興,"130,000","189,000","-59,000",0,0,0,"130,000","189,000","-59,000",0,0,0,50,0,50,0,0,0,50,0,50,"-58,950"
4924,欣厚-KY,"2,000","43,000","-41,000",0,0,0,"2,000","43,000","-41,000",0,0,0,0,0,0,0,0,0,0,0,0,"-41,000"
4931,新盛力,"2,000","3,000","-1,000",0,0,0,"2,000","3,000","-1,000",0,0,0,0,0,0,0,0,0,0,0,0,"-1,000"
4933,友輝,"52,000","52,000",0,0,0,0,"52,000","52,000",0,0,0,0,0,0,0,0,0,0,0,0,0,0
4939,亞電,"52,000","323,000","-271,000",0,0,0,"52,000","323,000","-271,000",0,0,0,0,0,0,0,0,0,0,0,0,"-271,000"
4945,陞達科技,"1,000",0,"1,000",0,0,0,"1,000",0,"1,000",0,0,0,0,0,0,0,0,0,0,0,0,"1,000"
4946,辣椒,"7,000","7,000",0,0,0,0,"7,000","7,000",0,0,0,0,0,0,0,0,0,0,0,0,0,0
4950,牧東,"8,000","35,000","-27,000",0,0,0,"8,000","35,000","-27,000",0,0,0,0,0,0,0,0,0,0,0,0,"-27,000"
4953,緯軟,"22,891","26,000","-3,109",0,0,0,"22,891","26,000","-3,109",0,0,0,0,0,0,0,0,0,0,0,0,"-3,109"
4966,譜瑞-KY,"391,000","291,875","99,125",0,0,0,"391,000","291,875","99,125",0,"50,000","-50,000","1,058",11,"1,047","11,352","9,000","2,352","12,410","9,011","3,399","52,524"
4971,IET-KY,"20,000","60,000","-40,000",0,0,0,"20,000","60,000","-40,000",0,0,0,0,0,0,0,0,0,0,0,0,"-40,000"
4973,廣穎,"64,000","14,000","50,000",0,0,0,"64,000","14,000","50,000",0,0,0,0,0,0,0,0,0,0,0,0,"50,000"
4974,亞泰,"49,000","9,000","40,000",0,0,0,"49,000","9,000","40,000",0,0,0,0,0,0,0,0,0,0,0,0,"40,000"
4979,華星光,"64,000","7,000","57,000",0,0,0,"64,000","7,000","57,000",0,0,0,0,0,0,0,0,0,0,0,0,"57,000"
4991,環宇-KY,"3,000","7,000","-4,000",0,0,0,"3,000","7,000","-4,000",0,0,0,0,0,0,0,0,0,0,0,0,"-4,000"
5009,榮剛,"2,000","49,000","-47,000",0,0,0,"2,000","49,000","-47,000",0,0,0,"6,000","9,000","-3,000",0,0,0,"6,000","9,000","-3,000","-50,000"
5011,久陽,"56,000","327,000","-271,000",0,0,0,"56,000","327,000","-271,000",0,0,0,0,0,0,0,0,0,0,0,0,"-271,000"
5014,建錩,"72,000","388,000","-316,000",0,0,0,"72,000","388,000","-316,000",0,0,0,0,1,-1,0,0,0,0,1,-1,"-316,001"
5201,凱衛,"1,000","1,000",0,0,0,0,"1,000","1,000",0,0,0,0,0,0,0,0,0,0,0,0,0,0
5202,力新,0,0,0,0,0,0,0,0,0,0,0,0,103,0,103,0,0,0,103,0,103,103
5206,坤悅,"2,000",0,"2,000",0,0,0,"2,000",0,"2,000",0,0,0,0,0,0,0,0,0,0,0,0,"2,000"
5210,寶碩,0,"7,000","-7,000",0,0,0,0,"7,000","-7,000",0,0,0,0,1,-1,0,0,0,0,1,-1,"-7,001"
5212,凌網,"1,000",0,"1,000",0,0,0,"1,000",0,"1,000",0,0,0,"35,002",0,"35,002",0,0,0,"35,002",0,"35,002","36,002"
5213,亞昕,"10,000","25,000","-15,000",0,0,0,"10,000","25,000","-15,000",0,0,0,0,0,0,0,0,0,0,0,0,"-15,000"
5220,萬達光電,"11,000","11,000",0,0,0,0,"11,000","11,000",0,0,0,0,0,0,0,0,0,0,0,0,0,0
5223,安力-KY,"21,000","21,000",0,0,0,0,"21,000","21,000",0,0,0,0,"16,000","3,000","13,000",0,0,0,"16,000","3,000","13,000","13,000"
5227,立凱-KY,0,"15,000","-15,000",0,0,0,0,"15,000","-15,000",0,0,0,0,0,0,0,0,0,0,0,0,"-15,000"
5245,智晶,"12,000","2,000","10,000",0,0,0,"12,000","2,000","10,000",0,0,0,0,0,0,0,0,0,0,0,0,"10,000"
5251,天鉞電,0,"3,000","-3,000",0,0,0,0,"3,000","-3,000",0,0,0,0,0,0,0,0,0,0,0,0,"-3,000"
5263,智崴,"6,000","6,000",0,0,0,0,"6,000","6,000",0,0,0,0,0,0,0,0,0,0,0,0,0,0
5272,笙科,"34,000","54,000","-20,000",0,0,0,"34,000","54,000","-20,000",0,0,0,101,0,101,0,0,0,101,0,101,"-19,899"
5274,信驊,"64,000","58,000","6,000",0,0,0,"64,000","58,000","6,000",0,0,0,"4,000","7,281","-3,281",0,0,0,"4,000","7,281","-3,281","2,719"
5287,數字,0,"1,000","-1,000",0,0,0,0,"1,000","-1,000",0,0,0,0,0,0,0,0,0,0,0,0,"-1,000"
5289,宜鼎,"17,000","26,000","-9,000",0,0,0,"17,000","26,000","-9,000",0,0,0,"9,000",1,"8,999",0,0,0,"9,000",1,"8,999",-1
5291,邑昇,"2,000",0,"2,000",0,0,0,"2,000",0,"2,000",0,0,0,0,0,0,0,0,0,0,0,0,"2,000"
5299,杰力,"94,000","246,000","-152,000",0,0,0,"94,000","246,000","-152,000",0,0,0,0,0,0,"53,000","10,000","43,000","53,000","10,000","43,000","-109,000"
5301,寶得利,0,0,0,0,0,0,0,0,0,0,0,0,0,195,-195,0,0,0,0,195,-195,-195
5302,太欣,"31,000","2,000","29,000",0,0,0,"31,000","2,000","29,000",0,0,0,0,0,0,0,0,0,0,0,0,"29,000"
5306,桂盟,"245,000","164,000","81,000",0,0,0,"245,000","164,000","81,000",0,0,0,"11,000","18,000","-7,000","44,000","11,000","33,000","55,000","29,000","26,000","107,000"
5309,系統電,"99,000","71,000","28,000",0,0,0,"99,000","71,000","28,000",0,0,0,0,0,0,0,0,0,0,0,0,"28,000"
5312,寶島科,0,"23,000","-23,000",0,0,0,0,"23,000","-23,000",0,0,0,0,0,0,0,0,0,0,0,0,"-23,000"
5315,光聯,"4,000","16,000","-12,000",0,0,0,"4,000","16,000","-12,000",0,0,0,0,0,0,0,0,0,0,0,0,"-12,000"
5321,友銓,"7,000",0,"7,000",0,0,0,"7,000",0,"7,000",0,0,0,0,0,0,0,0,0,0,0,0,"7,000"
5328,華容,"25,000","796,000","-771,000",0,0,0,"25,000","796,000","-771,000",0,0,0,0,0,0,0,0,0,0,0,0,"-771,000"
5340,建榮,"3,000","1,000","2,000",0,0,0,"3,000","1,000","2,000",0,0,0,0,0,0,0,"2,000","-2,000",0,"2,000","-2,000",0
5344,立衛,"12,000",0,"12,000",0,0,0,"12,000",0,"12,000",0,0,0,0,0,0,0,0,0,0,0,0,"12,000"
5347,世界,"3,246,198","1,255,630","1,990,568",0,0,0,"3,246,198","1,255,630","1,990,568","15,000","103,000","-88,000","12,000","10,000","2,000","29,000","27,000","2,000","41,000","37,000","4,000","1,906,568"
5351,鈺創,"813,000","368,000","445,000",0,0,0,"813,000","368,000","445,000",0,0,0,0,0,0,0,0,0,0,0,0,"445,000"
5355,佳總,"2,000","34,000","-32,000",0,0,0,"2,000","34,000","-32,000",0,0,0,74,1,73,0,0,0,74,1,73,"-31,927"
5356,協益,"3,000","3,000",0,0,0,0,"3,000","3,000",0,0,0,0,0,0,0,0,0,0,0,0,0,0
5371,中光電,"57,000","234,000","-177,000",0,0,0,"57,000","234,000","-177,000",0,0,0,360,"16,000","-15,640","8,000",0,"8,000","8,360","16,000","-7,640","-184,640"
5386,青雲,"117,000","128,000","-11,000",0,0,0,"117,000","128,000","-11,000",0,0,0,0,18,-18,"48,000","45,000","3,000","48,000","45,018","2,982","-8,018"
5392,應華,"134,000","170,000","-36,000",0,0,0,"134,000","170,000","-36,000",0,0,0,0,0,0,"111,000",0,"111,000","111,000",0,"111,000","75,000"
5403,中菲,"16,000",0,"16,000",0,0,0,"16,000",0,"16,000",0,0,0,0,0,0,0,0,0,0,0,0,"16,000"
5410,國眾,"3,000","13,000","-10,000",0,0,0,"3,000","13,000","-10,000",0,0,0,0,0,0,0,0,0,0,0,0,"-10,000"
5425,台半,"439,200","702,000","-262,800",0,0,0,"439,200","702,000","-262,800",0,"508,000","-508,000","291,000","133,000","158,000","28,001","4,370","23,631","319,001","137,370","181,631","-589,169"
5439,高技,"45,000","380,000","-335,000",0,0,0,"45,000","380,000","-335,000","70,000",0,"70,000",2,0,2,"24,727","28,100","-3,373","24,729","28,100","-3,371","-268,371"
5443,均豪,"660,000","2,623,000","-1,963,000",0,0,0,"660,000","2,623,000","-1,963,000",0,0,0,"166,000","76,000","90,000","44,000","179,000","-135,000","210,000","255,000","-45,000","-2,008,000"
5450,南良,0,0,0,0,0,0,0,0,0,0,0,0,4,0,4,0,0,0,4,0,4,4
5452,佶優,"236,000","155,000","81,000",0,0,0,"236,000","155,000","81,000",0,0,0,2,0,2,0,0,0,2,0,2,"81,002"
5455,昇益,0,0,0,0,0,0,0,0,0,0,0,0,2,0,2,0,0,0,2,0,2,2
5457,宣德,"216,000","659,000","-443,000",0,0,0,"216,000","659,000","-443,000",0,0,0,"12,000","36,000","-24,000","1,000","46,000","-45,000","13,000","82,000","-69,000","-512,000"
5464,霖宏,"21,000","47,000","-26,000",0,0,0,"21,000","47,000","-26,000",0,0,0,0,0,0,0,0,0,0,0,0,"-26,000"
5465,富驊,"15,000",0,"15,000",0,0,0,"15,000",0,"15,000",0,0,0,0,0,0,0,0,0,0,0,0,"15,000"
5474,聰泰,"81,000","73,000","8,000",0,0,0,"81,000","73,000","8,000",0,0,0,0,"4,000","-4,000",0,0,0,0,"4,000","-4,000","4,000"
5478,智冠,"39,000","300,000","-261,000",0,0,0,"39,000","300,000","-261,000",0,0,0,0,0,0,0,0,0,0,0,0,"-261,000"
5481,新華,0,"7,000","-7,000",0,0,0,0,"7,000","-7,000",0,0,0,1,0,1,0,0,0,1,0,1,"-6,999"
5483,中美晶,"1,481,000","2,514,731","-1,033,731",0,0,0,"1,481,000","2,514,731","-1,033,731","9,000","200,000","-191,000","69,000","72,500","-3,500","30,000","6,000","24,000","99,000","78,500","20,500","-1,204,231"
5487,通泰,0,0,0,0,0,0,0,0,0,0,0,0,6,0,6,0,0,0,6,0,6,6
5489,彩富,"14,000","25,000","-11,000",0,0,0,"14,000","25,000","-11,000",0,0,0,200,0,200,0,0,0,200,0,200,"-10,800"
5490,同亨,"24,000","24,000",0,0,0,0,"24,000","24,000",0,0,0,0,0,0,0,0,0,0,0,0,0,0
5493,三聯,0,0,0,0,0,0,0,0,0,0,0,0,100,0,100,0,0,0,100,0,100,100
5498,凱崴,"127,000","1,152,000","-1,025,000",0,0,0,"127,000","1,152,000","-1,025,000",0,0,0,"9,000",0,"9,000",0,0,0,"9,000",0,"9,000","-1,016,000"
5508,永信建,"1,000",0,"1,000",0,0,0,"1,000",0,"1,000",0,0,0,0,0,0,0,0,0,0,0,0,"1,000"
5511,德昌,0,"1,000","-1,000",0,0,0,0,"1,000","-1,000",0,0,0,0,0,0,0,0,0,0,0,0,"-1,000"
5512,力麒,"111,000","23,000","88,000",0,0,0,"111,000","23,000","88,000",0,0,0,0,0,0,0,0,0,0,0,0,"88,000"
5514,三豐,0,0,0,0,0,0,0,0,0,0,0,0,7,0,7,0,0,0,7,0,7,7
5523,豐謙,"22,000","11,000","11,000",0,0,0,"22,000","11,000","11,000",0,0,0,100,0,100,0,0,0,100,0,100,"11,100"
5529,志嘉,"48,000","26,000","22,000",0,0,0,"48,000","26,000","22,000",0,0,0,0,2,-2,0,0,0,0,2,-2,"21,998"
5530,龍巖,"2,000","8,000","-6,000",0,0,0,"2,000","8,000","-6,000",0,0,0,0,0,0,0,0,0,0,0,0,"-6,000"
5536,聖暉,"15,663","5,000","10,663",0,0,0,"15,663","5,000","10,663",0,0,0,"13,000","3,000","10,000",0,0,0,"13,000","3,000","10,000","20,663"
5543,桓鼎-KY,0,"2,000","-2,000",0,0,0,0,"2,000","-2,000",0,0,0,0,0,0,0,0,0,0,0,0,"-2,000"
5603,陸海,"30,000","211,000","-181,000",0,0,0,"30,000","211,000","-181,000",0,0,0,1,0,1,0,0,0,1,0,1,"-180,999"
5604,中連貨,"3,000",0,"3,000",0,0,0,"3,000",0,"3,000",0,0,0,"2,000",0,"2,000",0,0,0,"2,000",0,"2,000","5,000"
5609,中菲行,"180,000","309,000","-129,000",0,0,0,"180,000","309,000","-129,000",0,"100,000","-100,000",0,0,0,"3,000","7,000","-4,000","3,000","7,000","-4,000","-233,000"
5820,日盛金,"2,540,000","2,037,000","503,000",0,0,0,"2,540,000","2,037,000","503,000",0,0,0,0,0,0,0,0,0,0,0,0,"503,000"
5864,致和證,"71,000","159,000","-88,000",0,0,0,"71,000","159,000","-88,000",0,0,0,0,0,0,0,0,0,0,0,0,"-88,000"
5902,德記,0,"1,000","-1,000",0,0,0,0,"1,000","-1,000",0,0,0,0,0,0,0,0,0,0,0,0,"-1,000"
5903,全家,"3,000","3,707",-707,0,0,0,"3,000","3,707",-707,0,0,0,0,0,0,0,0,0,0,0,0,-707
5904,寶雅,"67,000","58,000","9,000",0,0,0,"67,000","58,000","9,000",0,0,0,0,0,0,0,0,0,0,0,0,"9,000"
5905,南仁湖,"47,000","20,000","27,000",0,0,0,"47,000","20,000","27,000",0,0,0,0,0,0,0,0,0,0,0,0,"27,000"
6015,宏遠證,"355,000","1,388,000","-1,033,000",0,0,0,"355,000","1,388,000","-1,033,000",0,0,0,0,0,0,0,0,0,0,0,0,"-1,033,000"
6016,康和證,"99,000","1,943,000","-1,844,000",0,0,0,"99,000","1,943,000","-1,844,000",0,0,0,0,0,0,0,0,0,0,0,0,"-1,844,000"
6020,大展證,"18,000","10,000","8,000",0,0,0,"18,000","10,000","8,000",0,0,0,0,0,0,0,0,0,0,0,0,"8,000"
6021,大慶證,0,"20,000","-20,000",0,0,0,0,"20,000","-20,000",0,0,0,0,0,0,0,0,0,0,0,0,"-20,000"
6023,元大期,0,"4,000","-4,000",0,0,0,0,"4,000","-4,000",0,0,0,0,0,0,0,0,0,0,0,0,"-4,000"
6026,福邦證,"108,000","114,000","-6,000",0,0,0,"108,000","114,000","-6,000",0,0,0,0,0,0,0,0,0,0,0,0,"-6,000"
6104,創惟,"285,000","226,000","59,000",0,0,0,"285,000","226,000","59,000",0,0,0,0,0,0,"11,000","2,000","9,000","11,000","2,000","9,000","68,000"
6109,亞元,"1,000","2,000","-1,000",0,0,0,"1,000","2,000","-1,000",0,0,0,0,0,0,0,0,0,0,0,0,"-1,000"
6111,大宇資,"10,255","82,000","-71,745",0,0,0,"10,255","82,000","-71,745",0,0,0,0,0,0,"24,000","3,000","21,000","24,000","3,000","21,000","-50,745"
6113,亞矽,"8,000","44,000","-36,000",0,0,0,"8,000","44,000","-36,000",0,0,0,0,0,0,0,0,0,0,0,0,"-36,000"
6114,久威,"29,000","32,000","-3,000",0,0,0,"29,000","32,000","-3,000",0,0,0,0,0,0,0,0,0,0,0,0,"-3,000"
6118,建達,"357,000","560,000","-203,000",0,0,0,"357,000","560,000","-203,000",0,0,0,0,0,0,0,0,0,0,0,0,"-203,000"
6121,新普,"122,000","247,113","-125,113",0,0,0,"122,000","247,113","-125,113",0,"5,000","-5,000","6,000","155,314","-149,314","9,000",0,"9,000","15,000","155,314","-140,314","-270,427"
6122,擎邦,0,"2,000","-2,000",0,0,0,0,"2,000","-2,000",0,0,0,2,0,2,0,0,0,2,0,2,"-1,998"
6123,上奇,"4,000","21,000","-17,000",0,0,0,"4,000","21,000","-17,000",0,0,0,0,0,0,0,0,0,0,0,0,"-17,000"
6124,業強,"21,000","18,000","3,000",0,0,0,"21,000","18,000","3,000",0,0,0,276,0,276,0,0,0,276,0,276,"3,276"
6125,廣運,"602,000","2,965,000","-2,363,000",0,0,0,"602,000","2,965,000","-2,363,000",0,0,0,0,0,0,"265,000","519,000","-254,000","265,000","519,000","-254,000","-2,617,000"
6126,信音,"61,000","40,000","21,000",0,0,0,"61,000","40,000","21,000",0,0,0,42,0,42,"157,000",0,"157,000","157,042",0,"157,042","178,042"
6127,九豪,"485,000","982,000","-497,000",0,0,0,"485,000","982,000","-497,000",0,0,0,"18,000","145,010","-127,010",0,0,0,"18,000","145,010","-127,010","-624,010"
6129,普誠,"740,000","134,000","606,000",0,0,0,"740,000","134,000","606,000",0,0,0,0,0,0,0,0,0,0,0,0,"606,000"
6134,萬旭,"46,000","15,000","31,000",0,0,0,"46,000","15,000","31,000",0,0,0,100,0,100,0,0,0,100,0,100,"31,100"
6138,茂達,"35,000","163,000","-128,000",0,0,0,"35,000","163,000","-128,000","11,000",0,"11,000",0,0,0,0,0,0,0,0,0,"-117,000"
6140,訊達,"27,000","16,000","11,000",0,0,0,"27,000","16,000","11,000",0,0,0,0,0,0,0,0,0,0,0,0,"11,000"
6143,振曜,"18,000","2,000","16,000",0,0,0,"18,000","2,000","16,000",0,0,0,0,0,0,0,0,0,0,0,0,"16,000"
6146,耕興,"14,000","15,000","-1,000",0,0,0,"14,000","15,000","-1,000",0,0,0,0,0,0,0,0,0,0,0,0,"-1,000"
6147,頎邦,"3,267,000","975,000","2,292,000",0,0,0,"3,267,000","975,000","2,292,000","1,986,000",0,"1,986,000","23,497","92,000","-68,503","60,000","150,000","-90,000","83,497","242,000","-158,503","4,119,497"
6148,驊宏資,"28,000","40,000","-12,000",0,0,0,"28,000","40,000","-12,000",0,0,0,0,0,0,0,0,0,0,0,0,"-12,000"
6150,撼訊,"355,000","532,000","-177,000",0,0,0,"355,000","532,000","-177,000",0,0,0,0,0,0,"10,000","118,000","-108,000","10,000","118,000","-108,000","-285,000"
6151,晉倫,"6,000",0,"6,000",0,0,0,"6,000",0,"6,000",0,0,0,2,0,2,0,0,0,2,0,2,"6,002"
6156,松上,"102,000","111,000","-9,000",0,0,0,"102,000","111,000","-9,000",0,0,0,0,0,0,0,0,0,0,0,0,"-9,000"
6158,禾昌,"1,000","11,000","-10,000",0,0,0,"1,000","11,000","-10,000",0,0,0,0,5,-5,0,0,0,0,5,-5,"-10,005"
6160,欣技,"34,000",0,"34,000",0,0,0,"34,000",0,"34,000",0,0,0,2,0,2,0,0,0,2,0,2,"34,002"
6161,捷波,"73,000","156,000","-83,000",0,0,0,"73,000","156,000","-83,000",0,0,0,0,27,-27,0,0,0,0,27,-27,"-83,027"
6163,華電網,"16,000","4,000","12,000",0,0,0,"16,000","4,000","12,000",0,0,0,1,0,1,0,0,0,1,0,1,"12,001"
6167,久正,"72,000","3,000","69,000",0,0,0,"72,000","3,000","69,000",0,0,0,0,0,0,0,0,0,0,0,0,"69,000"
6169,昱泉,"10,000","11,000","-1,000",0,0,0,"10,000","11,000","-1,000",0,0,0,0,0,0,0,0,0,0,0,0,"-1,000"
6170,統振,"30,000","146,000","-116,000",0,0,0,"30,000","146,000","-116,000",0,0,0,0,0,0,0,0,0,0,0,0,"-116,000"
6173,信昌電,"179,000","225,000","-46,000",0,0,0,"179,000","225,000","-46,000",0,0,0,"21,000","15,918","5,082","5,000","3,300","1,700","26,000","19,218","6,782","-39,218"
6174,安,0,0,0,0,0,0,0,0,0,0,0,0,3,0,3,0,0,0,3,0,3,3
6175,立敦,"167,000","418,000","-251,000",0,0,0,"167,000","418,000","-251,000",0,0,0,"48,000","34,000","14,000","5,000","10,000","-5,000","53,000","44,000","9,000","-242,000"
6179,亞通,"5,000",0,"5,000",0,0,0,"5,000",0,"5,000",0,0,0,0,0,0,0,0,0,0,0,0,"5,000"
6180,橘子,"38,000","353,288","-315,288",0,0,0,"38,000","353,288","-315,288",0,0,0,0,0,0,0,0,0,0,0,0,"-315,288"
6182,合晶,"948,000","2,337,365","-1,389,365",0,0,0,"948,000","2,337,365","-1,389,365",0,0,0,"229,000","394,000","-165,000","87,000","343,000","-256,000","316,000","737,000","-421,000","-1,810,365"
6185,幃翔,"3,000",0,"3,000",0,0,0,"3,000",0,"3,000",0,0,0,0,0,0,0,0,0,0,0,0,"3,000"
6186,新潤,"3,000","52,000","-49,000",0,0,0,"3,000","52,000","-49,000",0,0,0,0,0,0,"16,000",0,"16,000","16,000",0,"16,000","-33,000"
6187,萬潤,"425,000","1,126,000","-701,000",0,0,0,"425,000","1,126,000","-701,000","30,000",0,"30,000","325,000","180,000","145,000","45,000","89,000","-44,000","370,000","269,000","101,000","-570,000"
6188,廣明,"1,110,000","104,000","1,006,000",0,0,0,"1,110,000","104,000","1,006,000",0,0,0,"130,000",0,"130,000","42,000","9,000","33,000","172,000","9,000","163,000","1,169,000"
6190,萬泰科,"3,000","32,000","-29,000",0,0,0,"3,000","32,000","-29,000",0,0,0,3,0,3,0,0,0,3,0,3,"-28,997"
6194,育富,"15,000","12,000","3,000",0,0,0,"15,000","12,000","3,000",0,0,0,0,0,0,0,0,0,0,0,0,"3,000"
6195,詩肯,"3,000","4,000","-1,000",0,0,0,"3,000","4,000","-1,000",0,0,0,0,0,0,0,0,0,0,0,0,"-1,000"
6201,元大富櫃50,0,0,0,0,0,0,0,0,0,"15,000",0,"15,000",0,0,0,"22,000","3,000","19,000","22,000","3,000","19,000","34,000"
6203,海韻電,"27,000","71,000","-44,000",0,0,0,"27,000","71,000","-44,000",0,0,0,0,0,0,0,0,0,0,0,0,"-44,000"
6204,艾華,"5,000","6,000","-1,000",0,0,0,"5,000","6,000","-1,000",0,0,0,0,0,0,0,0,0,0,0,0,"-1,000"
6207,雷科,"9,000","55,000","-46,000",0,0,0,"9,000","55,000","-46,000",0,0,0,0,0,0,0,0,0,0,0,0,"-46,000"
6208,日揚,"134,000","201,000","-67,000",0,0,0,"134,000","201,000","-67,000",0,0,0,0,0,0,"16,000","9,000","7,000","16,000","9,000","7,000","-60,000"
6217,中探針,"1,470,000","731,000","739,000",0,0,0,"1,470,000","731,000","739,000",0,0,0,0,"140,001","-140,001",0,0,0,0,"140,001","-140,001","598,999"
6219,富旺,"154,000","1,642,000","-1,488,000",0,0,0,"154,000","1,642,000","-1,488,000",0,0,0,"48,000",26,"47,974","5,000",0,"5,000","53,000",26,"52,974","-1,435,026"
6220,岳豐,"11,000","77,000","-66,000",0,0,0,"11,000","77,000","-66,000",0,0,0,"2,000","2,000",0,0,0,0,"2,000","2,000",0,"-66,000"
6221,晉泰,"151,000","97,000","54,000",0,0,0,"151,000","97,000","54,000",0,0,0,0,0,0,0,0,0,0,0,0,"54,000"
6223,旺矽,"1,706,000","2,650,000","-944,000",0,0,0,"1,706,000","2,650,000","-944,000","164,000",0,"164,000","98,000","73,000","25,000","557,000","71,000","486,000","655,000","144,000","511,000","-269,000"
6227,茂綸,"36,000","49,000","-13,000",0,0,0,"36,000","49,000","-13,000",0,0,0,0,0,0,0,0,0,0,0,0,"-13,000"
6229,研通,"121,000","110,000","11,000",0,0,0,"121,000","110,000","11,000",0,0,0,0,0,0,0,0,0,0,0,0,"11,000"
6231,系微,"74,000","82,000","-8,000",0,0,0,"74,000","82,000","-8,000",0,0,0,0,0,0,"1,000","3,000","-2,000","1,000","3,000","-2,000","-10,000"
6233,旺玖,"1,375,000","938,000","437,000",0,0,0,"1,375,000","938,000","437,000",0,0,0,0,0,0,0,0,0,0,0,0,"437,000"
6234,高僑,0,"2,000","-2,000",0,0,0,0,"2,000","-2,000",0,0,0,0,0,0,0,0,0,0,0,0,"-2,000"
6237,驊訊,"1,251,000","5,601,000","-4,350,000",0,0,0,"1,251,000","5,601,000","-4,350,000","11,000","50,000","-39,000","159,000","320,000","-161,000","24,000","44,000","-20,000","183,000","364,000","-181,000","-4,570,000"
6241,易通展,"9,000",0,"9,000",0,0,0,"9,000",0,"9,000",0,0,0,0,0,0,0,0,0,0,0,0,"9,000"
6244,茂迪,"780,500","1,133,000","-352,500",0,0,0,"780,500","1,133,000","-352,500",0,"197,080","-197,080",0,0,0,0,0,0,0,0,0,"-549,580"
6245,立端,"113,000","29,000","84,000",0,0,0,"113,000","29,000","84,000",0,"8,000","-8,000",0,"14,000","-14,000",0,0,0,0,"14,000","-14,000","62,000"
6246,臺龍,"2,000",0,"2,000",0,0,0,"2,000",0,"2,000",0,0,0,1,5,-4,0,0,0,1,5,-4,"1,996"
6248,沛波,0,0,0,0,0,0,0,0,0,0,0,0,39,0,39,0,0,0,39,0,39,39
6261,久元,"157,000","176,000","-19,000",0,0,0,"157,000","176,000","-19,000",0,0,0,0,0,0,0,"12,000","-12,000",0,"12,000","-12,000","-31,000"
6263,普萊德,"2,000",0,"2,000",0,0,0,"2,000",0,"2,000",0,0,0,0,0,0,0,0,0,0,0,0,"2,000"
6265,方土昶,"36,000","22,000","14,000",0,0,0,"36,000","22,000","14,000",0,0,0,0,0,0,0,0,0,0,0,0,"14,000"
6266,泰詠,"2,000","22,000","-20,000",0,0,0,"2,000","22,000","-20,000",0,0,0,0,0,0,0,0,0,0,0,0,"-20,000"
6270,倍微,"10,000","31,000","-21,000",0,0,0,"10,000","31,000","-21,000",0,0,0,0,0,0,0,0,0,0,0,0,"-21,000"
6274,台燿,"677,355","1,753,924","-1,076,569",0,0,0,"677,355","1,753,924","-1,076,569",0,"140,000","-140,000","44,000","45,000","-1,000","1,000","21,000","-20,000","45,000","66,000","-21,000","-1,237,569"
6275,元山,"178,000","897,000","-719,000",0,0,0,"178,000","897,000","-719,000",0,0,0,0,0,0,0,0,0,0,0,0,"-719,000"
6276,安鈦克,"15,000","54,000","-39,000",0,0,0,"15,000","54,000","-39,000",0,0,0,0,0,0,0,0,0,0,0,0,"-39,000"
6279,胡連,"2,283,010","2,884,000","-600,990",0,0,0,"2,283,010","2,884,000","-600,990",0,"65,000","-65,000","404,306","323,000","81,306","94,000","136,000","-42,000","498,306","459,000","39,306","-626,684"
6284,佳邦,"687,000","322,000","365,000",0,0,0,"687,000","322,000","365,000",0,"275,000","-275,000",0,"25,000","-25,000","6,000","48,000","-42,000","6,000","73,000","-67,000","23,000"
6290,良維,"265,000","62,000","203,000",0,0,0,"265,000","62,000","203,000",0,0,0,"84,000",1,"83,999","41,000","2,000","39,000","125,000","2,001","122,999","325,999"
6292,迅德,0,"5,000","-5,000",0,0,0,0,"5,000","-5,000",0,0,0,0,0,0,0,0,0,0,0,0,"-5,000"
6411,晶焱,"200,000","136,000","64,000",0,0,0,"200,000","136,000","64,000",0,0,0,"10,000",0,"10,000","38,000","25,000","13,000","48,000","25,000","23,000","87,000"
6417,韋僑,0,"1,000","-1,000",0,0,0,0,"1,000","-1,000",0,0,0,0,0,0,0,0,0,0,0,0,"-1,000"
6425,易發,"7,000","25,000","-18,000",0,0,0,"7,000","25,000","-18,000",0,0,0,0,0,0,0,0,0,0,0,0,"-18,000"
6426,統新,"11,000","36,000","-25,000",0,0,0,"11,000","36,000","-25,000",0,0,0,0,0,0,0,0,0,0,0,0,"-25,000"
6432,今展科,"45,000","276,000","-231,000",0,0,0,"45,000","276,000","-231,000",0,0,0,"1,000",55,945,0,0,0,"1,000",55,945,"-230,055"
6435,大中,"31,000","64,000","-33,000",0,0,0,"31,000","64,000","-33,000",0,0,0,0,"4,000","-4,000","4,000","1,000","3,000","4,000","5,000","-1,000","-34,000"
6441,廣錠,"197,000","145,000","52,000",0,0,0,"197,000","145,000","52,000",0,0,0,"4,000",40,"3,960","6,000","107,000","-101,000","10,000","107,040","-97,040","-45,040"
6446,藥華藥,"8,000","1,000","7,000",0,0,0,"8,000","1,000","7,000",0,0,0,0,0,0,0,0,0,0,0,0,"7,000"
6457,紘康,"222,000","322,000","-100,000",0,0,0,"222,000","322,000","-100,000",0,0,0,0,"80,000","-80,000",0,0,0,0,"80,000","-80,000","-180,000"
6461,益得,"1,000","21,000","-20,000",0,0,0,"1,000","21,000","-20,000",0,0,0,0,0,0,0,0,0,0,0,0,"-20,000"
6462,神盾,"29,000","40,000","-11,000",0,0,0,"29,000","40,000","-11,000",0,0,0,0,45,-45,"8,000","27,000","-19,000","8,000","27,045","-19,045","-30,045"
6465,威潤,0,"1,000","-1,000",0,0,0,0,"1,000","-1,000",0,0,0,0,0,0,0,0,0,0,0,0,"-1,000"
6469,大樹,0,"9,000","-9,000",0,0,0,0,"9,000","-9,000",0,0,0,0,0,0,0,0,0,0,0,0,"-9,000"
6470,宇智,"2,000","89,000","-87,000",0,0,0,"2,000","89,000","-87,000",0,0,0,0,0,0,0,0,0,0,0,0,"-87,000"
6472,保瑞,"39,000","181,000","-142,000",0,0,0,"39,000","181,000","-142,000",0,0,0,"1,000",0,"1,000",0,0,0,"1,000",0,"1,000","-141,000"
6485,點序,"132,000","23,000","109,000",0,0,0,"132,000","23,000","109,000",0,0,0,0,0,0,0,0,0,0,0,0,"109,000"
6486,互動,"16,000","16,000",0,0,0,0,"16,000","16,000",0,0,0,0,0,"1,000","-1,000","5,000","11,000","-6,000","5,000","12,000","-7,000","-7,000"
6488,環球晶,"1,170,126","826,142","343,984",0,0,0,"1,170,126","826,142","343,984",0,"777,000","-777,000","29,000","22,770","6,230","48,000","12,000","36,000","77,000","34,770","42,230","-390,786"
6492,生華科,"208,000","27,000","181,000",0,0,0,"208,000","27,000","181,000",0,0,0,0,0,0,0,0,0,0,0,0,"181,000"
6494,九齊,"30,000","227,000","-197,000",0,0,0,"30,000","227,000","-197,000",0,0,0,0,"81,000","-81,000",0,0,0,0,"81,000","-81,000","-278,000"
6496,科懋,0,"1,000","-1,000",0,0,0,0,"1,000","-1,000",0,0,0,0,0,0,0,0,0,0,0,0,"-1,000"
6499,益安,0,0,0,0,0,0,0,0,0,0,0,0,135,0,135,0,0,0,135,0,135,135
6508,惠光,0,"1,000","-1,000",0,0,0,0,"1,000","-1,000",0,0,0,0,0,0,0,0,0,0,0,0,"-1,000"
6509,聚和,"174,000","178,000","-4,000",0,0,0,"174,000","178,000","-4,000",0,0,0,0,0,0,"10,000","6,000","4,000","10,000","6,000","4,000",0
6510,精測,"293,000","468,000","-175,000",0,0,0,"293,000","468,000","-175,000","335,000","15,000","320,000","43,662","3,337","40,325","20,000","57,300","-37,300","63,662","60,637","3,025","148,025"
6514,芮特-KY,"3,000","5,000","-2,000",0,0,0,"3,000","5,000","-2,000",0,0,0,0,0,0,0,0,0,0,0,0,"-2,000"
6523,達爾膚,"3,000","4,000","-1,000",0,0,0,"3,000","4,000","-1,000",0,0,0,0,0,0,0,0,0,0,0,0,"-1,000"
6530,創威,"22,000",0,"22,000",0,0,0,"22,000",0,"22,000",0,0,0,0,0,0,0,0,0,0,0,0,"22,000"
6532,瑞耘,"101,000","178,000","-77,000",0,0,0,"101,000","178,000","-77,000",0,0,0,0,0,0,0,0,0,0,0,0,"-77,000"
6538,倉和,"148,000","242,000","-94,000",0,0,0,"148,000","242,000","-94,000",0,0,0,0,0,0,"10,000","18,000","-8,000","10,000","18,000","-8,000","-102,000"
6542,隆中,"2,000","6,000","-4,000",0,0,0,"2,000","6,000","-4,000",0,0,0,0,0,0,0,0,0,0,0,0,"-4,000"
6547,高端疫苗,"115,000","78,000","37,000",0,0,0,"115,000","78,000","37,000",0,0,0,0,0,0,0,0,0,0,0,0,"37,000"
6548,長科*,"960,000","561,000","399,000",0,0,0,"960,000","561,000","399,000",0,0,0,"71,701","174,000","-102,299","483,000","33,000","450,000","554,701","207,000","347,701","746,701"
6560,欣普羅,"4,000","43,000","-39,000",0,0,0,"4,000","43,000","-39,000",0,0,0,0,0,0,0,0,0,0,0,0,"-39,000"
6561,是方,"37,000","43,000","-6,000",0,0,0,"37,000","43,000","-6,000",0,"12,000","-12,000",0,0,0,"1,000",0,"1,000","1,000",0,"1,000","-17,000"
6568,宏觀,"4,000","11,000","-7,000",0,0,0,"4,000","11,000","-7,000",0,0,0,0,0,0,0,0,0,0,0,0,"-7,000"
6576,逸達,"13,207","22,000","-8,793",0,0,0,"13,207","22,000","-8,793",0,0,0,"3,000",0,"3,000",0,0,0,"3,000",0,"3,000","-5,793"
6577,勁豐,0,"4,000","-4,000",0,0,0,0,"4,000","-4,000",0,0,0,0,0,0,0,0,0,0,0,0,"-4,000"
6589,台康生技,"254,000","28,000","226,000",0,0,0,"254,000","28,000","226,000",0,0,0,0,0,0,0,0,0,0,0,0,"226,000"
6594,展匯科,"6,000","1,000","5,000",0,0,0,"6,000","1,000","5,000",0,0,0,0,0,0,0,0,0,0,0,0,"5,000"
6596,寬宏藝術,0,0,0,0,0,0,0,0,0,0,0,0,0,1,-1,0,0,0,0,1,-1,-1
6603,富強鑫,"129,000","117,000","12,000",0,0,0,"129,000","117,000","12,000",0,0,0,0,0,0,0,0,0,0,0,0,"12,000"
6609,瀧澤科,0,0,0,0,0,0,0,0,0,0,0,0,50,0,50,0,0,0,50,0,50,50
6615,慧智,0,0,0,0,0,0,0,0,0,0,0,0,0,25,-25,0,0,0,0,25,-25,-25
6640,均華,"29,000",0,"29,000",0,0,0,"29,000",0,"29,000",0,0,0,0,0,0,0,0,0,0,0,0,"29,000"
6642,富致,"10,000","6,000","4,000",0,0,0,"10,000","6,000","4,000",0,0,0,0,0,0,0,0,0,0,0,0,"4,000"
6643,M31,"118,000","18,000","100,000",0,0,0,"118,000","18,000","100,000",0,0,0,0,0,0,"2,000","2,000",0,"2,000","2,000",0,"100,000"
6649,台生材,0,0,0,0,0,0,0,0,0,0,0,0,0,10,-10,0,0,0,0,10,-10,-10
6664,群翊,"8,000",0,"8,000",0,0,0,"8,000",0,"8,000",0,0,0,0,0,0,0,0,0,0,0,0,"8,000"
6667,信紘科,"46,000","74,000","-28,000",0,0,0,"46,000","74,000","-28,000",0,0,0,"5,000",0,"5,000",0,0,0,"5,000",0,"5,000","-23,000"
6679,鈺太,"510,000","203,000","307,000",0,0,0,"510,000","203,000","307,000",0,"101,000","-101,000","25,000","208,000","-183,000","6,000","38,000","-32,000","31,000","246,000","-215,000","-9,000"
6683,雍智科技,"133,000","164,000","-31,000",0,0,0,"133,000","164,000","-31,000","60,000",0,"60,000","29,000","3,000","26,000","104,101","6,000","98,101","133,101","9,000","124,101","153,101"
6712,長聖,0,"52,000","-52,000",0,0,0,0,"52,000","-52,000",0,0,0,0,0,0,0,0,0,0,0,0,"-52,000"
6727,亞泰金屬,"1,000",0,"1,000",0,0,0,"1,000",0,"1,000",0,0,0,0,0,0,0,0,0,0,0,0,"1,000"
6728,上洋,0,0,0,0,0,0,0,0,0,0,0,0,0,"2,000","-2,000",0,0,0,0,"2,000","-2,000","-2,000"
6732,昇佳電子,"21,000","34,000","-13,000",0,0,0,"21,000","34,000","-13,000","1,000",0,"1,000","7,336","3,000","4,336","2,000","1,000","1,000","9,336","4,000","5,336","-6,664"
6747,亨泰光,0,"2,000","-2,000",0,0,0,0,"2,000","-2,000",0,0,0,0,0,0,0,0,0,0,0,0,"-2,000"
6803,崑鼎,0,0,0,0,0,0,0,0,0,0,0,0,0,"2,000","-2,000",0,0,0,0,"2,000","-2,000","-2,000"
8024,佑華,"186,000","204,000","-18,000",0,0,0,"186,000","204,000","-18,000",0,0,0,3,258,-255,0,0,0,3,258,-255,"-18,255"
8027,鈦昇,"98,000","371,000","-273,000",0,0,0,"98,000","371,000","-273,000",0,0,0,0,0,0,0,"1,000","-1,000",0,"1,000","-1,000","-274,000"
8032,光菱,0,"1,000","-1,000",0,0,0,0,"1,000","-1,000",0,0,0,0,"2,000","-2,000",0,0,0,0,"2,000","-2,000","-3,000"
8034,榮群,"41,000","62,000","-21,000",0,0,0,"41,000","62,000","-21,000",0,0,0,3,0,3,0,0,0,3,0,3,"-20,997"
8038,長園科,"14,000","24,000","-10,000",0,0,0,"14,000","24,000","-10,000",0,0,0,0,0,0,0,0,0,0,0,0,"-10,000"
8040,九暘,"90,000","147,000","-57,000",0,0,0,"90,000","147,000","-57,000",0,0,0,0,0,0,0,0,0,0,0,0,"-57,000"
8042,金山電,"20,000","101,700","-81,700",0,0,0,"20,000","101,700","-81,700",0,0,0,0,0,0,0,0,0,0,0,0,"-81,700"
8043,蜜望實,"39,000","88,000","-49,000",0,0,0,"39,000","88,000","-49,000",0,0,0,0,0,0,0,0,0,0,0,0,"-49,000"
8044,網家,"89,000","96,000","-7,000",0,0,0,"89,000","96,000","-7,000",0,0,0,"6,000","5,000","1,000","6,000","8,000","-2,000","12,000","13,000","-1,000","-8,000"
8049,晶采,"68,000","45,000","23,000",0,0,0,"68,000","45,000","23,000",0,0,0,0,0,0,0,0,0,0,0,0,"23,000"
8050,廣積,"7,000","2,000","5,000",0,0,0,"7,000","2,000","5,000",0,0,0,0,0,0,0,0,0,0,0,0,"5,000"
8054,安國,"523,000","1,004,000","-481,000",0,0,0,"523,000","1,004,000","-481,000",0,0,0,"197,000","3,001","193,999",0,0,0,"197,000","3,001","193,999","-287,001"
8059,凱碩,"3,000","4,000","-1,000",0,0,0,"3,000","4,000","-1,000",0,0,0,0,0,0,0,0,0,0,0,0,"-1,000"
8064,東捷,"38,000","31,000","7,000",0,0,0,"38,000","31,000","7,000",0,0,0,0,0,0,0,0,0,0,0,0,"7,000"
8066,來思達,0,"6,000","-6,000",0,0,0,0,"6,000","-6,000",0,0,0,"2,000",0,"2,000",0,0,0,"2,000",0,"2,000","-4,000"
8069,元太,"1,409,000","2,206,000","-797,000",0,0,0,"1,409,000","2,206,000","-797,000","725,000",0,"725,000","179,000","731,645","-552,645","10,000","48,000","-38,000","189,000","779,645","-590,645","-662,645"
8071,能率網通,0,"10,000","-10,000",0,0,0,0,"10,000","-10,000",0,0,0,100,0,100,0,0,0,100,0,100,"-9,900"
8074,鉅橡,0,0,0,0,0,0,0,0,0,0,0,0,2,"2,000","-1,998",0,0,0,2,"2,000","-1,998","-1,998"
8076,伍豐,"33,000","35,000","-2,000",0,0,0,"33,000","35,000","-2,000",0,0,0,0,0,0,"11,000","17,000","-6,000","11,000","17,000","-6,000","-8,000"
8083,瑞穎,"2,000",0,"2,000",0,0,0,"2,000",0,"2,000",0,0,0,0,0,0,0,0,0,0,0,0,"2,000"
8084,巨虹,"41,000","252,000","-211,000",0,0,0,"41,000","252,000","-211,000",0,0,0,0,0,0,0,0,0,0,0,0,"-211,000"
8085,福華,"58,000","229,000","-171,000",0,0,0,"58,000","229,000","-171,000",0,0,0,100,0,100,0,0,0,100,0,100,"-170,900"
8086,宏捷科,"2,651,617","1,453,000","1,198,617",0,0,0,"2,651,617","1,453,000","1,198,617","314,000","130,000","184,000","189,557","260,298","-70,741","97,000","46,000","51,000","286,557","306,298","-19,741","1,362,876"
8088,品安,"60,000","66,000","-6,000",0,0,0,"60,000","66,000","-6,000",0,0,0,0,0,0,0,0,0,0,0,0,"-6,000"
8089,康全電訊,"26,000","26,000",0,0,0,0,"26,000","26,000",0,0,0,0,0,0,0,0,0,0,0,0,0,0
8091,翔名,"21,000","11,000","10,000",0,0,0,"21,000","11,000","10,000",0,0,0,0,0,0,0,0,0,0,0,0,"10,000"
8096,擎亞,"456,000","335,000","121,000",0,0,0,"456,000","335,000","121,000",0,0,0,0,0,0,0,0,0,0,0,0,"121,000"
8097,常珵,0,"3,000","-3,000",0,0,0,0,"3,000","-3,000",0,0,0,0,0,0,0,0,0,0,0,0,"-3,000"
8099,大世科,"38,000","112,000","-74,000",0,0,0,"38,000","112,000","-74,000",0,0,0,0,0,0,0,0,0,0,0,0,"-74,000"
8107,大億金茂,"2,000","19,000","-17,000",0,0,0,"2,000","19,000","-17,000",0,0,0,0,0,0,0,0,0,0,0,0,"-17,000"
8111,立,"129,000","46,000","83,000",0,0,0,"129,000","46,000","83,000",0,0,0,0,0,0,0,0,0,0,0,0,"83,000"
8121,越峰,"122,000","356,000","-234,000",0,0,0,"122,000","356,000","-234,000",0,0,0,0,0,0,"3,000","103,000","-100,000","3,000","103,000","-100,000","-334,000"
8155,博智,"42,000","290,000","-248,000",0,0,0,"42,000","290,000","-248,000",0,"496,000","-496,000","5,000",0,"5,000","4,000",0,"4,000","9,000",0,"9,000","-735,000"
8171,天宇,"31,000","379,000","-348,000",0,0,0,"31,000","379,000","-348,000",0,0,0,0,0,0,0,0,0,0,0,0,"-348,000"
8182,加高,"40,000","22,000","18,000",0,0,0,"40,000","22,000","18,000",0,0,0,7,0,7,0,0,0,7,0,7,"18,007"
8183,精星,"344,000","1,463,000","-1,119,000",0,0,0,"344,000","1,463,000","-1,119,000",0,0,0,0,0,0,0,0,0,0,0,0,"-1,119,000"
8234,新漢,0,"6,000","-6,000",0,0,0,0,"6,000","-6,000",0,0,0,0,5,-5,0,0,0,0,5,-5,"-6,005"
8240,華宏,"39,000","75,000","-36,000",0,0,0,"39,000","75,000","-36,000",0,0,0,0,0,0,0,0,0,0,0,0,"-36,000"
8255,朋程,"9,000","242,000","-233,000",0,0,0,"9,000","242,000","-233,000",0,0,0,0,0,0,"2,000",0,"2,000","2,000",0,"2,000","-231,000"
8277,商丞,"18,000","203,000","-185,000",0,0,0,"18,000","203,000","-185,000",0,0,0,0,0,0,0,0,0,0,0,0,"-185,000"
8284,三竹,0,"1,000","-1,000",0,0,0,0,"1,000","-1,000",0,0,0,0,0,0,0,0,0,0,0,0,"-1,000"
8299,群聯,"266,143","617,147","-351,004",0,0,0,"266,143","617,147","-351,004",0,0,0,"18,000","4,000","14,000","57,000","21,000","36,000","75,000","25,000","50,000","-301,004"
8349,矬,"24,000","49,000","-25,000",0,0,0,"24,000","49,000","-25,000",0,0,0,0,0,0,0,0,0,0,0,0,"-25,000"
8358,金居,"373,000","1,354,000","-981,000",0,0,0,"373,000","1,354,000","-981,000",0,"90,000","-90,000","31,000","50,504","-19,504","45,000","63,000","-18,000","76,000","113,504","-37,504","-1,108,504"
8383,千附,"45,000","57,000","-12,000",0,0,0,"45,000","57,000","-12,000",0,0,0,0,0,0,0,"1,000","-1,000",0,"1,000","-1,000","-13,000"
8390,金益鼎,"45,000","182,000","-137,000",0,0,0,"45,000","182,000","-137,000",0,0,0,0,0,0,"9,000","3,000","6,000","9,000","3,000","6,000","-131,000"
8403,盛弘,"91,000","11,000","80,000",0,0,0,"91,000","11,000","80,000",0,0,0,"42,000","17,000","25,000",0,0,0,"42,000","17,000","25,000","105,000"
8406,金可-KY,"34,000","46,000","-12,000",0,0,0,"34,000","46,000","-12,000",0,0,0,0,0,0,0,"1,000","-1,000",0,"1,000","-1,000","-13,000"
8409,商之器,0,0,0,0,0,0,0,0,0,0,0,0,4,5,-1,0,0,0,4,5,-1,-1
8410,森田,"21,000","38,000","-17,000",0,0,0,"21,000","38,000","-17,000",0,0,0,0,0,0,0,0,0,0,0,0,"-17,000"
8415,大國鋼,"14,000","54,000","-40,000",0,0,0,"14,000","54,000","-40,000",0,0,0,0,0,0,0,0,0,0,0,0,"-40,000"
8416,實威,"2,000",6,"1,994",0,0,0,"2,000",6,"1,994",0,0,0,0,"2,000","-2,000",0,0,0,0,"2,000","-2,000",-6
8418,捷必勝-KY,"17,000",0,"17,000",0,0,0,"17,000",0,"17,000",0,0,0,0,0,0,0,0,0,0,0,0,"17,000"
8431,匯鑽科,"45,000","37,000","8,000",0,0,0,"45,000","37,000","8,000",0,0,0,"30,000",0,"30,000",0,0,0,"30,000",0,"30,000","38,000"
8436,大江,"81,000","119,000","-38,000",0,0,0,"81,000","119,000","-38,000",0,0,0,"4,000","2,000","2,000","4,000","5,000","-1,000","8,000","7,000","1,000","-37,000"
8437,大地-KY,0,"7,000","-7,000",0,0,0,0,"7,000","-7,000",0,"15,000","-15,000",0,0,0,0,0,0,0,0,0,"-22,000"
8440,綠電,"17,000","4,000","13,000",0,0,0,"17,000","4,000","13,000",0,0,0,0,0,0,0,0,0,0,0,0,"13,000"
8444,綠河-KY,"3,000",0,"3,000",0,0,0,"3,000",0,"3,000",0,0,0,0,0,0,0,0,0,0,0,0,"3,000"
8446,華研,"3,000",0,"3,000",0,0,0,"3,000",0,"3,000",0,0,0,0,0,0,0,0,0,0,0,0,"3,000"
8477,創業家,0,"1,000","-1,000",0,0,0,0,"1,000","-1,000",0,0,0,0,0,0,0,0,0,0,0,0,"-1,000"
8489,三貝德,"3,000","2,000","1,000",0,0,0,"3,000","2,000","1,000",0,0,0,0,1,-1,0,0,0,0,1,-1,999
8916,光隆,"14,000","2,000","12,000",0,0,0,"14,000","2,000","12,000",0,0,0,0,0,0,0,0,0,0,0,0,"12,000"
8916A,光隆甲特,0,0,0,0,0,0,0,0,0,0,0,0,"1,000","2,000","-1,000",0,0,0,"1,000","2,000","-1,000","-1,000"
8923,時報,0,0,0,0,0,0,0,0,0,0,0,0,29,0,29,0,0,0,29,0,29,29
8924,大田,"81,000","145,000","-64,000",0,0,0,"81,000","145,000","-64,000",0,0,0,0,0,0,"1,000",0,"1,000","1,000",0,"1,000","-63,000"
8927,北基,"1,000","8,000","-7,000",0,0,0,"1,000","8,000","-7,000",0,0,0,"3,001",6,"2,995","13,000",0,"13,000","16,001",6,"15,995","8,995"
8930,青鋼,"1,000","1,000",0,0,0,0,"1,000","1,000",0,0,0,0,100,6,94,0,0,0,100,6,94,94
8931,大汽電,0,0,0,0,0,0,0,0,0,0,0,0,4,0,4,0,0,0,4,0,4,4
8932,宏大,0,"6,000","-6,000",0,0,0,0,"6,000","-6,000",0,0,0,0,0,0,0,0,0,0,0,0,"-6,000"
8933,愛地雅,"51,000","42,000","9,000",0,0,0,"51,000","42,000","9,000",0,0,0,0,0,0,0,0,0,0,0,0,"9,000"
8936,國統,"245,000","323,000","-78,000",0,0,0,"245,000","323,000","-78,000",0,0,0,0,0,0,0,0,0,0,0,0,"-78,000"
8937,合騏,"4,000","12,000","-8,000",0,0,0,"4,000","12,000","-8,000",0,0,0,0,0,0,0,0,0,0,0,0,"-8,000"
8938,明安,"19,000","4,000","15,000",0,0,0,"19,000","4,000","15,000",0,0,0,0,0,0,0,0,0,0,0,0,"15,000"
8941,關中,0,0,0,0,0,0,0,0,0,0,0,0,87,0,87,0,0,0,87,0,87,87
8942,森鉅,"45,000","24,000","21,000",0,0,0,"45,000","24,000","21,000",0,0,0,"16,000","2,000","14,000","20,000",0,"20,000","36,000","2,000","34,000","55,000"
9951,皇田,"126,000","147,000","-21,000",0,0,0,"126,000","147,000","-21,000",0,0,0,0,1,-1,"4,000","19,000","-15,000","4,000","19,001","-15,001","-36,001"
9962,有益,0,0,0,0,0,0,0,0,0,0,0,0,1,0,1,0,0,0,1,0,1,1
20001,富邦存股雙十N,0,0,0,0,0,0,0,0,0,0,0,0,0,0,0,"1,000","1,000",0,"1,000","1,000",0,0
20010,永昌富櫃200N,0,0,0,0,0,0,0,0,0,0,0,0,0,0,0,"25,000","12,000","13,000","25,000","12,000","13,000","13,000"
20013,元富亞洲高股息N,0,0,0,0,0,0,0,0,0,0,0,0,0,0,0,"2,000",0,"2,000","2,000",0,"2,000","2,000"
20014,元大富櫃200N,0,0,0,0,0,0,0,0,0,0,0,0,0,0,0,"6,000",0,"6,000","6,000",0,"6,000","6,000"
20021,統一琤肮鴔滆,0,0,0,0,0,0,0,0,0,0,0,0,0,0,0,"947,000","1,170,000","-223,000","947,000","1,170,000","-223,000","-223,000"
20023,元大櫃買半導體N,0,0,0,0,0,0,0,0,0,0,0,0,0,0,0,"588,000","582,000","6,000","588,000","582,000","6,000","6,000"
